page,title,url,categories
1,DevOps Engineer Resume Sample,https://resumekraft.com/devops-engineer-resume-sample-2/,IT Resume Samples
1,Back-End Developer Resume Sample,https://resumekraft.com/back-end-developer-resume-sample-2/,IT Resume Samples
1,Procurement Manager Resume Sample,https://resumekraft.com/procurement-manager-resume-sample-3/,Administration Resume Samples
1,Front-End Developer Resume Sample,https://resumekraft.com/front-end-developer-resume-sample/,IT Resume Samples
1,Family Physician Resume Sample,https://resumekraft.com/family-physician-resume-sample-2/,Healthcare Resume Samples
1,Loan Officer Resume Sample,https://resumekraft.com/loan-officer-resume-sample-2/,Accounting Finance Resume Samples
1,Personal Banker Resume Sample,https://resumekraft.com/personal-banker-resume-sample-2/,Accounting Finance Resume Samples
1,Bank Teller Resume Sample,https://resumekraft.com/bank-teller-resume-sample/,Accounting Finance Resume Samples
1,Full-Stack Developer Resume Sample,https://resumekraft.com/full-stack-developer-resume-sample/,IT Resume Samples
1,Front-End Developer Resume Sample,https://resumekraft.com/front-end-developer-resume-sample-2/,IT Resume Samples
1,IT Support Specialist Resume Sample,https://resumekraft.com/it-support-specialist-resume-sample-2/,IT Resume Samples
1,Security Analyst Resume Sample,https://resumekraft.com/security-analyst-resume-sample/,IT Resume Samples
2,Project Manager Resume Sample,https://resumekraft.com/project-manager-resume-sample-5/,Administration Resume Samples
2,Cloud Engineer Resume Sample,https://resumekraft.com/cloud-engineer-resume-sample-2/,IT Resume Samples
2,Program Manager Resume Sample,https://resumekraft.com/program-manager-resume-sample-2/,Administration Resume Samples
2,Brand Manager Resume Sample,https://resumekraft.com/brand-manager-resume-sample/,Sales and Marketing Resume Samples
2,Business Development Manager Resume Sample,https://resumekraft.com/business-development-manager-resume-sample-2/,Business Resume Examples
2,Supply Chain Manager Resume Sample,https://resumekraft.com/supply-chain-manager-resume-sample-3/,Administration Resume Samples
2,Web Developer Resume Sample,https://resumekraft.com/web-developer-resume-sample-4/,IT Resume Samples
2,IT Technician Resume Sample,https://resumekraft.com/it-technician-resume-sample/,IT Resume Samples
2,Mortgage Consultant Resume Sample,https://resumekraft.com/mortgage-consultant-resume-sample/,Accounting Finance Resume Samples
2,Family Physician Resume Sample,https://resumekraft.com/family-physician-resume-sample/,Healthcare Resume Samples
2,Database Administrator Resume Sample,https://resumekraft.com/database-administrator-resume-sample-2/,IT Resume Samples
2,Account Manager Resume Sample,https://resumekraft.com/account-manager-resume-sample-2/,Accounting Finance Resume Samples
3,Logistics Manager Resume Sample,https://resumekraft.com/logistics-manager-resume-sample-2/,Engineering Resume Examples
3,Cybersecurity Specialist Resume Sample,https://resumekraft.com/cybersecurity-specialist-resume-sample/,IT Resume Samples
3,Retail Sales Associate Resume Sample,https://resumekraft.com/retail-sales-associate-resume-sample/,Sales and Marketing Resume Samples
3,Hotel Manager Resume Sample,https://resumekraft.com/hotel-manager-resume-sample/,Administration Resume Samples
3,Cloud Architect Resume Sample,https://resumekraft.com/cloud-architect-resume-sample-2/,IT Resume Samples
3,Help Desk Technician Resume Sample,https://resumekraft.com/help-desk-technician-resume-sample/,Sales and Marketing Resume Samples
3,Product Manager Resume Sample,https://resumekraft.com/product-manager-resume-sample-2/,Administration Resume Samples
3,Network Administrator Resume Sample,https://resumekraft.com/network-administrator-resume-sample-2/,Engineering Resume Examples
3,Software Engineer Resume Sample,https://resumekraft.com/software-engineer-resume-sample-3/,IT Resume Samples
3,Risk Manager Resume Sample,https://resumekraft.com/risk-manager-resume-sample-3/,Administration Resume Samples
3,Systems Analyst Resume Sample,https://resumekraft.com/systems-analyst-resume-sample/,Administration Resume Samples | IT Resume Samples
3,Compliance Manager Resume Sample,https://resumekraft.com/compliance-manager-resume-sample-3/,Accounting Finance Resume Samples
4,IT Support Specialist Resume Sample,https://resumekraft.com/it-support-specialist-resume-sample/,IT Resume Samples
4,Operations Manager Resume Sample,https://resumekraft.com/operations-manager-resume-sample-5/,Administration Resume Samples
4,Elementary School Teacher Resume Sample,https://resumekraft.com/elementary-school-teacher-resume-sample/,Education Resume Examples
4,Solar Panel Installer Resume Sample,https://resumekraft.com/solar-panel-installer-resume-sample/,Business Resume Examples
4,Financial Manager Resume Sample,https://resumekraft.com/financial-manager-resume-sample/,Accounting Finance Resume Samples
4,Network Engineer Resume Sample,https://resumekraft.com/network-engineer-resume-sample-2/,Engineering Resume Examples
4,Sales Manager Resume Sample,https://resumekraft.com/sales-manager-resume-sample-2/,Sales and Marketing Resume Samples
4,General Manager Resume Sample,https://resumekraft.com/general-manager-resume-sample/,Administration Resume Samples
4,Software Developer Resume Sample,https://resumekraft.com/software-developer-resume-sample/,IT Resume Samples
4,Human Resources Manager Resume Sample,https://resumekraft.com/human-resources-manager-resume-sample/,Administration Resume Samples
4,Marketing Manager Resume Sample,https://resumekraft.com/marketing-manager-resume-sample-2/,Sales and Marketing Resume Samples
4,Data Scientist Resume Sample,https://resumekraft.com/data-scientist-resume-sample-2/,IT Resume Samples
5,Data Analyst Resume Sample,https://resumekraft.com/data-analyst-resume-sample-2/,Administration Resume Samples
5,Business Analyst Resume Sample,https://resumekraft.com/business-analyst-resume-sample/,Business Resume Examples
5,IT Manager Resume Sample,https://resumekraft.com/it-manager-resume-sample/,IT Resume Samples
5,Production Engineer Resume Sample,https://resumekraft.com/production-engineer-resume-sample-2/,Engineering Resume Examples
5,Loan Officer Resume Sample,https://resumekraft.com/loan-officer-resume-sample/,Accounting Finance Resume Samples
5,Senior Radiation Therapist Resume Sample,https://resumekraft.com/senior-radiation-therapist-resume-sample/,Healthcare Resume Samples
5,Registered Nurse Case Manager Resume Sample,https://resumekraft.com/registered-nurse-case-manager-resume-sample/,Healthcare Resume Samples
5,Biomedical Engineer Resume Sample,https://resumekraft.com/biomedical-engineer-resume-sample/,Healthcare Resume Samples
5,Marine Engineer Resume Sample,https://resumekraft.com/marine-engineer-resume-sample/,Engineering Resume Examples
5,Management Analyst Resume Sample,https://resumekraft.com/management-analyst-resume-sample/,Administration Resume Samples
5,Occupational Therapist Resume Sample,https://resumekraft.com/occupational-therapist-resume-sample/,Healthcare Resume Samples
5,Senior Physical Therapist Resume Sample,https://resumekraft.com/senior-physical-therapist-resume-sample/,Healthcare Resume Samples
6,Corporate Controller Resume Sample,https://resumekraft.com/corporate-controller-resume-sample/,Administration Resume Samples
6,Certified Financial Planner Resume Sample,https://resumekraft.com/certified-financial-planner-resume-sample/,Accounting Finance Resume Samples
6,Midwife Resume Sample,https://resumekraft.com/midwife-resume-sample/,Career Advice
6,Financial Reporting Manager Resume Sample,https://resumekraft.com/financial-reporting-manager-resume-sample/,Accounting Finance Resume Samples
6,Mathematician Resume Sample,https://resumekraft.com/mathematician-resume-sample/,Education Resume Examples
6,Economist Resume Sample,https://resumekraft.com/economist-resume-sample-2/,Accounting Finance Resume Samples
6,Senior Scientist Resume Sample,https://resumekraft.com/senior-scientist-resume-sample/,Education Resume Examples
6,Construction Superintendent Resume Sample,https://resumekraft.com/construction-superintendent-resume-sample/,Engineering Resume Examples
6,Director Of Marketing Resume Sample,https://resumekraft.com/director-of-marketing-resume-sample/,Sales and Marketing Resume Samples
6,Pharmacy Manager Resume Sample,https://resumekraft.com/pharmacy-manager-resume-sample-2/,Healthcare Resume Samples
6,Internal Medicine Physician Resume Sample,https://resumekraft.com/internal-medicine-physician-resume-sample/,Healthcare Resume Samples
6,Surgeon Resume Sample,https://resumekraft.com/surgeon-resume-sample/,Healthcare Resume Samples
7,Nurse Anesthetist Resume Sample,https://resumekraft.com/nurse-anesthetist-resume-sample/,Healthcare Resume Samples
7,Enterprise Architecture Manager Resume Sample,https://resumekraft.com/enterprise-architecture-manager-resume-sample/,Engineering Resume Examples
7,General Practitioner Resume Sample,https://resumekraft.com/general-practitioner-resume-sample-2/,Healthcare Resume Samples
7,Quantitative Analyst Resume Sample,https://resumekraft.com/quantitative-analyst-resume-sample/,Administration Resume Samples
7,Nurse Practitioner Resume Sample,https://resumekraft.com/nurse-practitioner-resume-sample/,Healthcare Resume Samples
7,Restaurant Cook Resume Sample,https://resumekraft.com/restaurant-cook-resume-sample/,Business Resume Examples
7,Market Research Analyst Resume Sample,https://resumekraft.com/market-research-analyst-resume-sample/,Sales and Marketing Resume Samples
7,Senior Clinical Pharmacist Resume Sample,https://resumekraft.com/senior-clinical-pharmacist-resume-sample/,Healthcare Resume Samples
7,Robotics Engineer Resume Sample,https://resumekraft.com/robotics-engineer-resume-sample/,Engineering Resume Examples
7,Anesthesiologists Resume Sample,https://resumekraft.com/anesthesiologists-resume-sample/,Healthcare Resume Samples
7,Petroleum Engineer Resume Sample,https://resumekraft.com/petroleum-engineer-resume-sample/,Engineering Resume Examples
7,Psychiatrist Resume Sample,https://resumekraft.com/psychiatrist-resume-sample/,Healthcare Resume Samples
8,General Physician Resume Sample,https://resumekraft.com/general-physician-resume-sample/,Healthcare Resume Samples
8,Gynecologists Resume Sample,https://resumekraft.com/gynecologists-resume-sample/,Healthcare Resume Samples
8,Pediatric Surgeon Resume Sample,https://resumekraft.com/pediatric-surgeon-resume-sample/,Healthcare Resume Samples
8,Orthodontist Resume Sample,https://resumekraft.com/orthodontist-resume-sample/,Healthcare Resume Samples
8,Cardiologists Resume Sample,https://resumekraft.com/cardiologists-resume-sample/,Healthcare Resume Samples
8,Neurologists Resume Sample,https://resumekraft.com/neurologists-resume-sample/,Healthcare Resume Samples
8,Computer Systems Analyst Resume Sample,https://resumekraft.com/computer-systems-analyst-resume-sample-2/,Administration Resume Samples
8,Mechanical Drafter Resume Sample,https://resumekraft.com/mechanical-drafter-resume-sample/,Engineering Resume Examples
8,DOG Walker Jobs Resume Sample,https://resumekraft.com/dog-walker-jobs-resume-sample/,Job Descriptions
8,Hardware Design Engineer Resume Sample,https://resumekraft.com/hardware-design-engineer-resume-sample/,Engineering Resume Examples
8,Solutions Engineer Resume Sample,https://resumekraft.com/solutions-engineer-resume-sample/,Engineering Resume Examples
8,Data Warehouse Architect Resume Sample,https://resumekraft.com/data-warehouse-architect-resume-sample/,Engineering Resume Examples
9,Network Security Engineer Resume Sample,https://resumekraft.com/network-security-engineer-resume-sample-2/,Engineering Resume Examples
9,Enterprise Architect Resume Sample,https://resumekraft.com/enterprise-architect-resume-sample/,Engineering Resume Examples
9,Computer Programmer Resume Sample,https://resumekraft.com/computer-programmer-resume-sample/,IT Resume Samples
9,Digital Marketing Manager Resume Sample,https://resumekraft.com/digital-marketing-manager-resume-sample-3/,Sales and Marketing Resume Samples
9,Treasury Analyst Resume Sample,https://resumekraft.com/treasury-analyst-resume-sample/,Accounting Finance Resume Samples
9,Data Entry Specialist Resume Sample,https://resumekraft.com/data-entry-specialist-resume-sample/,Administration Resume Samples
9,IT Helpdesk Support Resume Sample,https://resumekraft.com/it-helpdesk-support-resume-sample/,Administration Resume Samples
9,Medical Billing Resume Sample,https://resumekraft.com/medical-billing-resume-sample-2/,Healthcare Resume Samples
9,Technical Program Manager Resume Sample,https://resumekraft.com/technical-program-manager-resume-sample/,Engineering Resume Examples
9,Senior .Net Developer Resume Sample,https://resumekraft.com/senior-net-developer-resume-sample/,IT Resume Samples
9,Recycling Specialist Resume Sample,https://resumekraft.com/recycling-specialist-resume-sample/,Creative Field Resume Examples
9,Excavator Operator Resume Sample,https://resumekraft.com/excavator-operator-resume-sample/,Engineering Resume Examples
10,Filling Technician Resume Sample,https://resumekraft.com/filling-technician-resume-sample/,Engineering Resume Examples
10,Amazon Warehouse Associate Resume Sample,https://resumekraft.com/amazon-warehouse-associate-resume-sample/,Administration Resume Samples
10,Software Test Engineer Resume Sample,https://resumekraft.com/software-test-engineer-resume-sample-3/,IT Resume Samples
10,Information Technology Manager Resume Sample,https://resumekraft.com/information-technology-manager-resume-sample/,IT Resume Samples
10,Business Intelligence Developer Resume Sample,https://resumekraft.com/business-intelligence-developer-resume-sample/,Business Resume Examples
10,User Experience Designer Resume Sample,https://resumekraft.com/user-experience-designer-resume-sample/,Administration Resume Samples
10,Junior Physiotherapist Resume Sample,https://resumekraft.com/junior-physiotherapist-resume-sample/,Healthcare Resume Samples
10,Reporting Resume Sample,https://resumekraft.com/reporting-resume-sample/,Administration Resume Samples
10,Researcher Resume Sample,https://resumekraft.com/researcher-resume-sample-2/,Education Resume Examples
10,Civil Site Engineer Resume Sample,https://resumekraft.com/civil-site-engineer-resume-sample-2/,Engineering Resume Examples
10,Factory Manager Resume Sample,https://resumekraft.com/factory-manager-resume-sample/,Administration Resume Samples
10,Business Intelligence Analyst Resume Sample,https://resumekraft.com/business-intelligence-analyst-resume-sample/,Business Resume Examples
11,Application Developer Resume Sample,https://resumekraft.com/application-developer-resume-sample/,IT Resume Samples
11,Blockchain Engineer Resume Sample,https://resumekraft.com/blockchain-engineer-resume-sample/,IT Resume Samples
11,Software Architect Resume Sample,https://resumekraft.com/software-architect-resume-sample-2/,IT Resume Samples
11,Applications Architect Resume Sample,https://resumekraft.com/applications-architect-resume-sample/,Administration Resume Samples
11,Data Architect Resume Sample,https://resumekraft.com/data-architect-resume-sample/,Engineering Resume Examples
11,Site Reliability Engineer Resume Sample,https://resumekraft.com/site-reliability-engineer-resume-sample/,Engineering Resume Examples
11,IT Security Specialist Resume Sample,https://resumekraft.com/it-security-specialist-resume-sample/,IT Resume Samples
11,Development Operations Manager Resume Sample,https://resumekraft.com/development-operations-manager-resume-sample/,IT Resume Samples
11,Application Analyst Resume Sample,https://resumekraft.com/application-analyst-resume-sample-2/,Administration Resume Samples
11,User Interface Designer Resume Sample,https://resumekraft.com/user-interface-designer-resume-sample/,IT Resume Samples
11,Computer Scientist Resume Sample,https://resumekraft.com/computer-scientist-resume-sample-2/,IT Resume Samples
11,Database Administrator Resume Sample,https://resumekraft.com/database-administrator-resume-sample/,IT Resume Samples
12,Computer Systems Analyst Resume Sample,https://resumekraft.com/computer-systems-analyst-resume-sample/,IT Resume Samples
12,Systems Security Manager Resume Sample,https://resumekraft.com/systems-security-manager-resume-sample/,Administration Resume Samples
12,UX Designer Resume Sample,https://resumekraft.com/ux-designer-resume-sample-2/,IT Resume Samples
12,Engineering Manager Resume Sample,https://resumekraft.com/engineering-manager-resume-sample/,Engineering Resume Examples
12,Software Engineering Manager Resume Sample,https://resumekraft.com/software-engineering-manager-resume-sample/,Administration Resume Samples
12,Mobile Applications Developer Resume Sample,https://resumekraft.com/mobile-applications-developer-resume-sample/,IT Resume Samples
12,Data Security Analyst Resume Sample,https://resumekraft.com/data-security-analyst-resume-sample/,Administration Resume Samples
12,Cloud Architect Resume Sample,https://resumekraft.com/cloud-architect-resume-sample/,IT Resume Samples
12,Investment Banker Resume Sample,https://resumekraft.com/investment-banker-resume-sample/,Accounting Finance Resume Samples
12,Chartered Accountant Resume Sample,https://resumekraft.com/chartered-accountant-resume-sample-2/,Accounting Finance Resume Samples
12,Cybersecurity Manager Resume Sample,https://resumekraft.com/cybersecurity-manager-resume-sample/,Administration Resume Samples
12,Management Consultant Resume Sample,https://resumekraft.com/management-consultant-resume-sample/,Administration Resume Samples
13,Product Manager Resume Sample,https://resumekraft.com/product-manager-resume-sample/,Business Resume Examples
13,Anesthesiologist Resume Sample,https://resumekraft.com/anesthesiologist-resume-sample/,Healthcare Resume Samples
13,Machine Learning Expert Resume Sample,https://resumekraft.com/machine-learning-expert-resume-sample/,Engineering Resume Examples
13,Physician Assistant Resume Sample,https://resumekraft.com/physician-assistant-resume-sample/,Healthcare Resume Samples
13,Dentist Resume Sample,https://resumekraft.com/dentist-resume-sample-2/,Healthcare Resume Samples
13,IoT solutions Architect Resume Sample,https://resumekraft.com/iot-solutions-architect-resume-sample/,Engineering Resume Examples
13,Guest Coordinator Resume Sample,https://resumekraft.com/guest-coordinator-resume-sample/,Sales and Marketing Resume Samples
13,QS & Contracts Engineer Resume Sample,https://resumekraft.com/qs-contracts-engineer-resume-sample/,Administration Resume Samples
13,Python Developer Resume Sample,https://resumekraft.com/python-developer-resume-sample/,IT Resume Samples
13,System Engineer Resume Sample,https://resumekraft.com/system-engineer-resume-sample/,Engineering Resume Examples
13,Veterinarian Resume Sample,https://resumekraft.com/veterinarian-resume-sample-3/,Healthcare Resume Samples
13,Doctor Of Physical Resume Sample,https://resumekraft.com/doctor-of-physical-resume-sample/,Education Resume Examples
14,Content Moderator Resume Sample,https://resumekraft.com/content-moderator-resume-sample/,Creative Field Resume Examples
14,Financial Advisor Resume Sample,https://resumekraft.com/financial-advisor-resume-sample/,Accounting Finance Resume Samples
14,Information Security Analyst Resume Sample,https://resumekraft.com/information-security-analyst-resume-sample/,IT Resume Samples
14,Blockchain Developer Resume Sample,https://resumekraft.com/blockchain-developer-resume-sample/,IT Resume Samples
14,Tourism Manager Resume Sample,https://resumekraft.com/tourism-manager-resume-sample-2/,Business Resume Examples
14,Freelance Digital Marketer Resume Sample,https://resumekraft.com/freelance-digital-marketer-resume-sample/,Sales and Marketing Resume Samples
14,Tableau Developer Resume Sample,https://resumekraft.com/tableau-developer-resume-sample-2/,IT Resume Samples
14,Talent Acquisition Specialist Resume Sample,https://resumekraft.com/talent-acquisition-specialist-resume-sample/,IT Resume Samples
14,Software Test Engineer Resume Sample,https://resumekraft.com/software-test-engineer-resume-sample-2/,IT Resume Samples
14,Digital Marketing Analyst Resume Sample,https://resumekraft.com/digital-marketing-analyst-resume-sample/,IT Resume Samples
14,Test Manager Resume Sample,https://resumekraft.com/test-manager-resume-sample/,IT Resume Samples
14,Digital Marketing Executive Resume Sample,https://resumekraft.com/digital-marketing-executive-resume-sample/,IT Resume Samples
15,Senior Business Analyst Resume Sample,https://resumekraft.com/senior-business-analyst-resume-sample/,Business Resume Examples
15,Assistant Teacher Resume Sample,https://resumekraft.com/assistant-teacher-resume-sample-2/,Education Resume Examples
15,Sales Specialist Resume Sample,https://resumekraft.com/sales-specialist-resume-sample-2/,Sales and Marketing Resume Samples
15,Salesforce Associate Resume Sample,https://resumekraft.com/salesforce-associate-resume-sample/,IT Resume Samples
15,Math Teacher Resume Sample,https://resumekraft.com/math-teacher-resume-sample-3/,Education Resume Examples
15,Angular Developer Resume Sample,https://resumekraft.com/angular-developer-resume-sample-3/,IT Resume Samples
15,Consultant Technology Resume Sample,https://resumekraft.com/consultant-technology-resume-sample/,Sales and Marketing Resume Samples
15,Information Technology Specialist Resume Sample,https://resumekraft.com/information-technology-specialist-resume-sample/,IT Resume Samples
15,Associate Software Engineer Resume Sample,https://resumekraft.com/associate-software-engineer-resume-sample-4/,IT Resume Samples
15,DevSecOps Engineer Resume Sample,https://resumekraft.com/devsecops-engineer-resume-sample-2/,IT Resume Samples
15,Web Developer Resume Sample,https://resumekraft.com/web-developer-resume-sample-3/,IT Resume Samples
15,Data Entry Resume Sample,https://resumekraft.com/data-entry-resume-sample/,IT Resume Samples
16,Angular Developer Resume Sample,https://resumekraft.com/angular-developer-resume-sample-2/,CV Samples | IT Resume Samples
16,AD Operation Specialist Resume Sample,https://resumekraft.com/ad-operation-specialist-resume-sample/,Administration Resume Samples
16,Customer Service Specialist Resume Sample,https://resumekraft.com/customer-service-specialist-resume-sample/,Sales and Marketing Resume Samples
16,Hybris Support Engineer Resume Sample,https://resumekraft.com/hybris-support-engineer-resume-sample/,IT Resume Samples
16,General Manager Digital Ecommerce Resume Sample,https://resumekraft.com/general-manager-digital-ecommerce-resume-sample/,Business Resume Examples
16,Associate Consultant Resume Sample,https://resumekraft.com/associate-consultant-resume-sample/,Sales and Marketing Resume Samples
16,Business Development Associate Resume Sample,https://resumekraft.com/business-development-associate-resume-sample/,Business Resume Examples
16,Site Engineer Resume Sample,https://resumekraft.com/site-engineer-resume-sample/,Engineering Resume Examples
16,Lead Engineer Resume Sample,https://resumekraft.com/lead-engineer-resume-sample/,Engineering Resume Examples
16,Business Development Associate Resume Sample,https://resumekraft.com/business-development-associate-resume-sample-2/,Business Resume Examples
16,Business Intelligence CV Example,https://resumekraft.com/business-intelligence-cv-example-2/,CV Samples | IT Resume Samples
16,Accounts Receivable Specialist CV Sample,https://resumekraft.com/accounts-receivable-specialist-cv-sample/,Administration Resume Samples | CV Samples
17,Supervisor CV Sample,https://resumekraft.com/supervisor-cv-sample/,Administration Resume Samples | CV Samples
17,Territory Sales Manager CV Sample,https://resumekraft.com/territory-sales-manager-cv-sample-2/,CV Samples | Sales and Marketing Resume Samples
17,Vehicle Functional Development Engineer CV Example,https://resumekraft.com/vehicle-functional-development-engineer-cv-example/,CV Samples | Engineering Resume Examples
17,Software Engineer Intern CV Example,https://resumekraft.com/software-engineer-intern-cv-example/,CV Samples | IT Resume Samples
17,Administrative Assistant CV Sample,https://resumekraft.com/administrative-assistant-cv-sample/,Administration Resume Samples | CV Samples
17,Research Apprentice CV Example,https://resumekraft.com/research-apprentice-cv-example/,CV Samples | Education Resume Examples
17,Business Graduate CV Example,https://resumekraft.com/business-graduate-cv-example/,Business Resume Examples | CV Samples
17,Front Desk Agent CV Sample,https://resumekraft.com/front-desk-agent-cv-sample/,Administration Resume Samples | CV Samples
17,Meat Processor CV Sample,https://resumekraft.com/meat-processor-cv-sample/,Business Resume Examples | CV Samples
17,Talent Acquisition Manager CV Example,https://resumekraft.com/talent-acquisition-manager-cv-example/,Accounting Finance Resume Samples | CV Samples
17,Project Lead CV Sample,https://resumekraft.com/project-lead-cv-sample/,Administration Resume Samples | CV Samples
17,Human Resource Professional CV Example,https://resumekraft.com/human-resource-professional-cv-example/,Administration Resume Samples | CV Samples
18,Medical Administration CV Sample,https://resumekraft.com/medical-administration-cv-sample/,CV Samples | Healthcare Resume Samples
18,Primary Teacher CV Example,https://resumekraft.com/primary-teacher-cv-example-2/,CV Samples | Education Resume Examples
18,Transaction Analyst CV Sample,https://resumekraft.com/transaction-analyst-cv-sample/,Accounting Finance Resume Samples | CV Samples
18,Senior Software Engineer CV Example,https://resumekraft.com/senior-software-engineer-cv-example/,CV Samples | IT Resume Samples
18,Business Analyst CV Example,https://resumekraft.com/business-analyst-cv-example/,Business Resume Examples | CV Samples
18,ICT Student CV Sample,https://resumekraft.com/ict-student-cv-sample/,CV Samples | Education Resume Examples
18,Client Success Associate CV Example,https://resumekraft.com/client-success-associate-cv-example/,Business Resume Examples | CV Samples
18,Registered Nurse CV Example,https://resumekraft.com/registered-nurse-cv-example-3/,CV Samples | Healthcare Resume Samples
18,HR Management Trainee CV Sample,https://resumekraft.com/hr-management-trainee-cv-sample/,Administration Resume Samples | CV Samples
18,Field Supervisor CV Example,https://resumekraft.com/field-supervisor-cv-example/,Administration Resume Samples | CV Samples
18,Technical Program Manager CV Sample,https://resumekraft.com/technical-program-manager-cv-sample/,CV Samples | IT Resume Samples
18,Lead Software Development Engineer CV Example,https://resumekraft.com/lead-software-development-engineer-cv-example/,CV Samples | IT Resume Samples
19,MDS Periodontology & Implantology CV Sample,https://resumekraft.com/mds-periodontology-implantology-cv-sample/,CV Samples | Healthcare Resume Samples
19,Audit Assistant CV Example,https://resumekraft.com/audit-assistant-cv-example/,Accounting Finance Resume Samples | CV Samples
19,Middle School Teacher CV Sample,https://resumekraft.com/middle-school-teacher-cv-sample/,CV Samples | Education Resume Examples
19,Waiter CV Example,https://resumekraft.com/waiter-cv-example/,Creative Field Resume Examples | CV Samples
19,Angular Developer CV Sample,https://resumekraft.com/angular-developer-cv-sample/,CV Samples | IT Resume Samples
19,Inventory Manager CV Example,https://resumekraft.com/inventory-manager-cv-example/,Accounting Finance Resume Samples | CV Samples
19,AWS Solution Architect CV Sample,https://resumekraft.com/aws-solution-architect-cv-sample/,CV Samples | IT Resume Samples
19,Economist CV Example,https://resumekraft.com/economist-cv-example-2/,Accounting Finance Resume Samples | CV Samples
19,SAS Analyst CV Sample,https://resumekraft.com/sas-analyst-cv-sample/,CV Samples | IT Resume Samples
19,Associate Test Architect CV Sample,https://resumekraft.com/associate-test-architect-cv-sample/,CV Samples | Engineering Resume Examples
19,Civil Foreman CV Example,https://resumekraft.com/civil-foreman-cv-example/,CV Samples | Engineering Resume Examples
19,Registered Staff Nurse CV Example,https://resumekraft.com/registered-staff-nurse-cv-example/,CV Samples | Healthcare Resume Samples
20,Biology Teacher CV Sample,https://resumekraft.com/biology-teacher-cv-sample/,CV Samples | Education Resume Examples
20,Node JS Developer CV Sample,https://resumekraft.com/node-js-developer-cv-sample-2/,CV Samples | IT Resume Samples
20,Security Analysis Senior Associate CV Example,https://resumekraft.com/security-analysis-senior-associate-cv-example/,Administration Resume Samples | CV Samples
20,Lead Hub Operations CV Sample,https://resumekraft.com/lead-hub-operations-cv-sample/,Administration Resume Samples | CV Samples
20,Infrastructure Analyst CV Example,https://resumekraft.com/infrastructure-analyst-cv-example/,CV Samples | Engineering Resume Examples
20,Online Teacher CV Sample,https://resumekraft.com/online-teacher-cv-sample/,CV Samples | Education Resume Examples
20,Controls Engineer CV Example,https://resumekraft.com/controls-engineer-cv-example/,CV Samples | Engineering Resume Examples
20,Physics Teacher CV Sample,https://resumekraft.com/physics-teacher-cv-sample/,CV Samples | Education Resume Examples
20,Learning & Development Product Manager CV Example,https://resumekraft.com/learning-development-product-manager-cv-example/,Business Resume Examples | CV Samples
20,Order Management Analyst CV Sample,https://resumekraft.com/order-management-analyst-cv-sample/,Administration Resume Samples | CV Samples
20,Production Supervisor CV Sample,https://resumekraft.com/production-supervisor-cv-sample/,Business Resume Examples | CV Samples
20,Store In-Charge CV Example,https://resumekraft.com/store-in-charge-cv-example/,Administration Resume Samples | CV Samples
21,Backend Technology Lead CV Example,https://resumekraft.com/backend-technology-lead-cv-example/,CV Samples
21,Azure Administrator CV Sample,https://resumekraft.com/azure-administrator-cv-sample-2/,CV Samples | IT Resume Samples
21,VMware CV Example,https://resumekraft.com/vmware-cv-example/,CV Samples | IT Resume Samples
21,Physical Design Engineer CV Sample,https://resumekraft.com/physical-design-engineer-cv-sample/,CV Samples | Engineering Resume Examples
21,Cleaning Assistant CV Example,https://resumekraft.com/cleaning-assistant-cv-example/,Administration Resume Samples | CV Samples
21,Safety Officer CV Sample,https://resumekraft.com/safety-officer-cv-sample/,Administration Resume Samples | CV Samples
21,Certified Scrum Master CV Example,https://resumekraft.com/elementary-teacher-cv-example/,CV Samples | IT Resume Samples
21,Social Media Manager CV Sample,https://resumekraft.com/social-media-manager-cv-sample/,CV Samples | Sales and Marketing Resume Samples
21,Primary Teacher CV Example,https://resumekraft.com/primary-teacher-cv-example/,CV Samples | Education Resume Examples
21,Foreman Plumbing CV Sample,https://resumekraft.com/foreman-plumbing-cv-sample/,CV Samples | Engineering Resume Examples
21,Event Manager & Photographer CV Example,https://resumekraft.com/event-manager-photographer-cv-example/,Business Resume Examples | CV Samples
21,Court Registry Officer CV Sample,https://resumekraft.com/court-registry-officer-cv-sample/,Administration Resume Samples | CV Samples
22,Inventory Control CV Example,https://resumekraft.com/inventory-control-cv-example/,Administration Resume Samples | CV Samples
22,Sous Chef CV Sample,https://resumekraft.com/sous-chef-cv-sample/,Accounting Finance Resume Samples | CV Samples
22,Data Engineer CV Example,https://resumekraft.com/data-engineer-cv-example-2/,CV Samples | IT Resume Samples
22,BI Developer CV Sample,https://resumekraft.com/bi-developer-cv-sample/,CV Samples | IT Resume Samples
22,Salesforce Consultant CV Example,https://resumekraft.com/salesforce-consultant-cv-example/,CV Samples | IT Resume Samples
22,Website Designer CV Sample,https://resumekraft.com/website-designer-cv-sample/,Creative Field Resume Examples | CV Samples
22,Supply Chain Engineer CV Example,https://resumekraft.com/supply-chain-engineer-cv-example/,CV Samples | Sales and Marketing Resume Samples
22,Front Office CV Sample,https://resumekraft.com/front-office-cv-sample/,Administration Resume Samples | CV Samples
22,Java Developer CV Example,https://resumekraft.com/java-developer-cv-example/,CV Samples | IT Resume Samples
22,Semiconductor Engineer CV Example,https://resumekraft.com/semiconductor-engineer-cv-example/,CV Samples | Engineering Resume Examples
22,Devops Engineer CV Sample,https://resumekraft.com/devops-engineer-cv-sample-4/,CV Samples | IT Resume Samples
22,Validation Engineer CV Example,https://resumekraft.com/validation-engineer-cv-example-2/,CV Samples | Engineering Resume Examples
23,Senior IT Officer CV Sample,https://resumekraft.com/senior-it-officer-cv-sample/,CV Samples | IT Resume Samples
23,Hospitality Management CV Example,https://resumekraft.com/hospitality-management-cv-example/,Administration Resume Samples | CV Samples
23,Planning Engineer CV Sample,https://resumekraft.com/planning-engineer-cv-sample/,CV Samples | Engineering Resume Examples
23,React Developer CV Sample,https://resumekraft.com/react-developer-cv-sample/,CV Samples | IT Resume Samples
23,Cyber Security Analyst CV Sample,https://resumekraft.com/cyber-security-analyst-cv-sample/,CV Samples | IT Resume Samples
23,Undergraduate Student CV Example,https://resumekraft.com/undergraduate-student-cv-example/,CV Samples | Education Resume Examples
23,Housekeeping Shift Incharge CV Example,https://resumekraft.com/housekeeping-shift-incharge-cv-example/,Administration Resume Samples | CV Samples
23,Automation Test Engineer CV Sample,https://resumekraft.com/automation-test-engineer-cv-sample/,CV Samples | IT Resume Samples
23,VMware CV Sample,https://resumekraft.com/vmware-cv-sample/,CV Samples | IT Resume Samples
23,Embedded Software Engineer CV Sample,https://resumekraft.com/embedded-software-engineer-cv-sample/,CV Samples | Engineering Resume Examples
23,SAP PP_APO Consultant CV Example,https://resumekraft.com/sap-pp_apo-consultant-cv-example/,CV Samples | IT Resume Samples
23,Head of the Department CV Example,https://resumekraft.com/head-of-the-department-cv-example/,Administration Resume Samples | CV Samples
24,Marine Mechanical Engineer CV Sample,https://resumekraft.com/marine-mechanical-engineer-cv-sample/,CV Samples | Engineering Resume Examples
24,Contact Center Associate CV Example,https://resumekraft.com/contact-center-associate-cv-example/,CV Samples | Sales and Marketing Resume Samples
24,Operation Manager CV Example,https://resumekraft.com/operation-manager-cv-example-4/,Administration Resume Samples | CV Samples
24,Food Technologist CV Sample,https://resumekraft.com/food-technologist-cv-sample-2/,Creative Field Resume Examples | CV Samples
24,Technology Risk Analyst CV Sample,https://resumekraft.com/technology-risk-analyst-cv-sample/,CV Samples | IT Resume Samples
24,E commerce Catalogue Specialist CV Example,https://resumekraft.com/e-commerce-catalogue-specialist-cv-example/,CV Samples | Sales and Marketing Resume Samples
24,Client Services Professional CV Sample,https://resumekraft.com/client-services-professional-cv-sample/,Business Resume Examples | CV Samples
24,Librarian & Office Administrator CV Sample,https://resumekraft.com/librarian-office-administrator-cv-sample/,CV Samples | Education Resume Examples
24,Contact Center Operations Agent CV Example,https://resumekraft.com/contact-center-operations-agent-cv-example/,CV Samples | Sales and Marketing Resume Samples
24,Automation Engineer CV Sample,https://resumekraft.com/automation-engineer-cv-sample-2/,CV Samples | IT Resume Samples
24,SAP Basis Consultant CV Example,https://resumekraft.com/sap-basis-consultant-cv-example/,CV Samples | IT Resume Samples
24,Research and Development Engineer CV Sample,https://resumekraft.com/research-and-development-engineer-cv-sample/,CV Samples | Education Resume Examples
25,Procurement Specialist CV Example,https://resumekraft.com/procurement-specialist-cv-example/,Administration Resume Samples | CV Samples
25,Warehouse In-Charge CV Sample,https://resumekraft.com/warehouse-in-charge-cv-sample/,Administration Resume Samples | CV Samples
25,Real Estate Consultant CV Example,https://resumekraft.com/real-estate-consultant-cv-example/,CV Samples | Sales and Marketing Resume Samples
25,Math Teacher CV Sample,https://resumekraft.com/math-teacher-cv-sample/,CV Samples | Education Resume Examples
25,Sr. Android Developer CV Example,https://resumekraft.com/sr-android-developer-cv-example/,CV Samples | IT Resume Samples
25,Finance Associate CV Sample,https://resumekraft.com/finance-associate-cv-sample/,Accounting Finance Resume Samples | CV Samples
25,Consultant CV Sample,https://resumekraft.com/consultant-cv-sample/,CV Samples | Sales and Marketing Resume Samples
25,Team Leader Sales and Marketing CV Example,https://resumekraft.com/team-leader-sales-and-marketing-cv-example/,CV Samples | Sales and Marketing Resume Samples
25,Technical Manager CV Example,https://resumekraft.com/technical-manager-cv-example/,CV Samples | IT Resume Samples
25,Plant Head CV Sample,https://resumekraft.com/plant-head-cv-sample/,Administration Resume Samples | CV Samples
25,Integrated Cybersecurity CV Sample,https://resumekraft.com/integrated-cybersecurity-cv-sample/,CV Samples | IT Resume Samples
25,MERN Stack Developer CV Example,https://resumekraft.com/mern-stack-developer-cv-example/,Accounting Finance Resume Samples | CV Samples
26,Safety Officer CV Example,https://resumekraft.com/safety-officer-cv-example/,Administration Resume Samples | CV Samples
26,Content Writer CV Sample,https://resumekraft.com/content-writer-cv-sample/,Creative Field Resume Examples | CV Samples
26,Asst. Systems Engineer CV Example,https://resumekraft.com/asst-systems-engineer-cv-example/,CV Samples | Engineering Resume Examples
26,Office Administrator CV Sample,https://resumekraft.com/office-administrator-cv-sample-2/,Administration Resume Samples | CV Samples
26,Cloud Engineer CV Sample,https://resumekraft.com/cloud-engineer-cv-sample-3/,CV Samples | Engineering Resume Examples
26,Chartered Accountant CV Example,https://resumekraft.com/chartered-accountant-cv-example-3/,Accounting Finance Resume Samples | CV Samples
26,Customer Service Executive CV Example,https://resumekraft.com/customer-service-executive-cv-example/,CV Samples | Sales and Marketing Resume Samples
26,Physical Therapist CV Sample,https://resumekraft.com/physical-therapist-cv-sample-2/,CV Samples | Healthcare Resume Samples
26,Supply Chain Professional CV Example,https://resumekraft.com/supply-chain-professional-cv-example/,CV Samples | Sales and Marketing Resume Samples
26,R&D Engineer CV Example,https://resumekraft.com/rd-engineer-cv-example/,CV Samples | Engineering Resume Examples
26,Enterprise Sales Manager CV Sample,https://resumekraft.com/enterprise-sales-manager-cv-sample/,CV Samples | Sales and Marketing Resume Samples
26,Dentist CV Example,https://resumekraft.com/dentist-cv-example/,CV Samples | Healthcare Resume Samples
27,Security CV Example,https://resumekraft.com/security-cv-example/,CV Samples | Sales and Marketing Resume Samples
27,Digital Marketing Specialist CV Sample,https://resumekraft.com/digital-marketing-specialist-cv-sample-2/,CV Samples | Sales and Marketing Resume Samples
27,DevOps Engineer CV Sample,https://resumekraft.com/devops-engineer-cv-sample-3/,CV Samples | IT Resume Samples
27,Big Data Engineer CV Sample,https://resumekraft.com/big-data-engineer-cv-sample/,CV Samples | IT Resume Samples
27,Assistant Manager CV Example,https://resumekraft.com/assistant-manager-cv-example-2/,Administration Resume Samples | CV Samples
27,FP & A Analyst CV Example,https://resumekraft.com/fp-a-analyst-cv-example/,Accounting Finance Resume Samples | CV Samples
27,Ichthyologist CV Example,https://resumekraft.com/ichthyologist-cv-example/,CV Samples | Education Resume Examples
27,Sr. Java Developer CV Sample,https://resumekraft.com/sr-java-developer-cv-sample/,CV Samples | IT Resume Samples
27,Sr. Software Developer CV Sample,https://resumekraft.com/sr-software-developer-cv-sample/,CV Samples | IT Resume Samples
27,SAP Analytics Cloud CV Sample,https://resumekraft.com/sap-analytics-cloud-cv-sample/,CV Samples | IT Resume Samples
27,Cyber Security Specialist CV Example,https://resumekraft.com/cyber-security-specialist-cv-example/,CV Samples | IT Resume Samples
27,Network Security Manager CV Sample,https://resumekraft.com/network-security-manager-cv-sample/,CV Samples | Engineering Resume Examples
28,Business Service Support Advisor CV Example,https://resumekraft.com/business-service-support-advisor-cv-example/,Business Resume Examples | CV Samples
28,Electronics Engineer CV Sample,https://resumekraft.com/electronics-engineer-cv-sample/,CV Samples | Engineering Resume Examples
28,Road Sweeper Driver CV Sample,https://resumekraft.com/road-sweeper-driver-cv-sample/,Creative Field Resume Examples | CV Samples
28,Journalist CV Example,https://resumekraft.com/journalist-cv-example/,Career Advice | CV Template
28,Journalist CV Sample,https://resumekraft.com/journalist-cv-sample/,Administration Resume Samples | CV Samples
28,AWS DevOps Engineer CV Example,https://resumekraft.com/aws-devops-engineer-cv-example/,CV Samples | IT Resume Samples
28,MIS Officer CV Sample,https://resumekraft.com/mis-officer-cv-sample/,CV Samples | IT Resume Samples
28,Quality Assurance Automation Engineer CV Sample,https://resumekraft.com/quality-assurance-automation-engineer-cv-sample/,CV Samples | IT Resume Samples
28,AGM Construction Project Manager CV Example,https://resumekraft.com/agm-construction-project-manager-cv-example/,CV Samples | Engineering Resume Examples
28,Network Engineer CV Example,https://resumekraft.com/network-engineer-cv-example/,CV Samples | Engineering Resume Examples
28,Technical Operations Analyst CV Sample,https://resumekraft.com/technical-operations-analyst-cv-sample/,CV Samples | IT Resume Samples
28,Research & Analytics Strategist CV Sample,https://resumekraft.com/research-analytics-strategist-cv-sample/,CV Samples | Education Resume Examples
29,Associate Analyst P2P CV Example,https://resumekraft.com/associate-analyst-p2p-cv-example/,Administration Resume Samples | CV Samples
29,RPA Developer CV Example,https://resumekraft.com/rpa-developer-cv-example/,CV Samples | IT Resume Samples
29,Senior Front-end Developer CV Sample,https://resumekraft.com/senior-front-end-developer-cv-sample/,CV Samples | IT Resume Samples
29,System Engineer and DevOps CV Sample,https://resumekraft.com/system-engineer-and-devops-cv-sample/,CV Samples | IT Resume Samples
29,Quality Control Engineer CV Example,https://resumekraft.com/quality-control-engineer-cv-example/,CV Samples | IT Resume Samples
29,Azure Administrator CV Sample,https://resumekraft.com/azure-administrator-cv-sample/,CV Samples | IT Resume Samples
29,Science Teacher CV Example,https://resumekraft.com/science-teacher-cv-example/,CV Samples | Education Resume Examples
29,MICE operations and Contracting CV Sample,https://resumekraft.com/mice-operations-and-contracting-cv-sample/,CV Samples | Sales and Marketing Resume Samples
29,SAP Developer CV Sample,https://resumekraft.com/it_sap-professional-cv-sample-2/,CV Samples | IT Resume Samples
29,QA Analyst CV Example,https://resumekraft.com/qa-analyst-cv-example/,CV Samples | IT Resume Samples
29,Retail Operations & Sales CV Example,https://resumekraft.com/retail-operations-sales-cv-example/,CV Samples | Sales and Marketing Resume Samples
29,Social Teacher CV Example,https://resumekraft.com/social-teacher-cv-example/,CV Samples | Education Resume Examples
30,Software Developer CV Sample,https://resumekraft.com/software-developer-cv-sample/,CV Samples | IT Resume Samples
30,Medical Laboratory Technologist CV Sample,https://resumekraft.com/medical-laboratory-technologist-cv-sample/,CV Samples | Healthcare Resume Samples
30,Digital ICRE CV Sample,https://resumekraft.com/digital-icre-cv-sample/,CV Samples | Engineering Resume Examples
30,Operation Analyst CV Example,https://resumekraft.com/operation-analyst-cv-example/,Administration Resume Samples | CV Samples
30,IT Project Manager CV Sample,https://resumekraft.com/it-project-manager-cv-sample/,CV Samples | IT Resume Samples
30,PE Teacher CV Sample,https://resumekraft.com/pe-teacher-cv-sample/,CV Samples | Education Resume Examples
30,Electronics & Communication Engineer CV Sample,https://resumekraft.com/electronics-communication-engineer-cv-sample/,CV Samples | Engineering Resume Examples
30,Teacher CV Example,https://resumekraft.com/teacher-cv-example-4/,CV Samples | Education Resume Examples
30,Python Developer CV Example,https://resumekraft.com/python-developer-cv-example-2/,CV Samples | IT Resume Samples
30,IELTS Instructor CV Example,https://resumekraft.com/ielts-instructor-cv-example/,CV Samples | Education Resume Examples
30,Technical Odoo Developer CV Sample,https://resumekraft.com/technical-odoo-developer-cv-sample/,CV Samples | IT Resume Samples
30,Lead Senior Software Engineer CV Sample,https://resumekraft.com/lead-senior-software-engineer-cv-sample/,CV Samples | IT Resume Samples
31,Business Process Lead CV Sample,https://resumekraft.com/business-process-lead-cv-sample/,Business Resume Examples | CV Samples
31,Operation Manager CV Example,https://resumekraft.com/operation-manager-cv-example-3/,Administration Resume Samples | CV Samples
31,Sr. Web Developer CV Example,https://resumekraft.com/sr-web-developer-cv-example/,CV Samples | IT Resume Samples
31,Customer Relationship Executive CV Sample,https://resumekraft.com/customer-relationship-executive-cv-sample/,CV Samples | Sales and Marketing Resume Samples
31,Production Operator CV Example,https://resumekraft.com/production-operator-cv-example/,CV Samples | Engineering Resume Examples
31,Android Developer CV Sample,https://resumekraft.com/android-developer-cv-sample-2/,CV Samples | IT Resume Samples
31,Credit Officer CV Example,https://resumekraft.com/credit-officer-cv-example/,Accounting Finance Resume Samples | CV Samples
31,ACCA Professional CV Sample,https://resumekraft.com/acca-professional-cv-sample/,CV Samples | Sales and Marketing Resume Samples
31,Account Receivable Process Analyst CV Example,https://resumekraft.com/account-receivable-process-analyst-cv-example/,Accounting Finance Resume Samples | CV Samples
31,Node JS Developer CV Sample,https://resumekraft.com/node-js-developer-cv-sample/,CV Samples | IT Resume Samples
31,QA Analyst CV Sample,https://resumekraft.com/qa-analyst-cv-sample/,CV Samples | IT Resume Samples
31,Database Administrator CV Example,https://resumekraft.com/database-administrator-cv-example-2/,CV Samples | IT Resume Samples
32,Craft Teacher CV Example,https://resumekraft.com/craft-teacher-cv-example/,Creative Field Resume Examples | CV Samples
32,Project Management Professional CV Sample,https://resumekraft.com/project-management-professional-cv-sample/,Administration Resume Samples | CV Samples
32,Database Administrator CV Example,https://resumekraft.com/database-administrator-cv-example/,CV Samples | IT Resume Samples
32,QA Analyst CV Sample,https://resumekraft.com/qa-analyst-cv-sample-2/,CV Samples | IT Resume Samples
32,Senior Managing Consultant CV Example,https://resumekraft.com/senior-managing-consultant-cv-example/,CV Samples | Sales and Marketing Resume Samples
32,Regional Operations Manager CV Sample,https://resumekraft.com/regional-operations-manager-cv-sample/,Administration Resume Samples | CV Samples
32,Network Operations Center Manager CV Sample,https://resumekraft.com/network-operations-center-manager-cv-sample/,CV Samples | Engineering Resume Examples
32,Science Teacher CV Sample,https://resumekraft.com/science-teacher-cv-sample/,CV Samples | Education Resume Examples
32,Photographer CV Example,https://resumekraft.com/photographer-cv-example-2/,Creative Field Resume Examples | CV Samples
32,Senior Software Developer CV Example,https://resumekraft.com/senior-software-developer-cv-example/,CV Samples | IT Resume Samples
32,Senior DevOps Engineer CV Sample,https://resumekraft.com/senior-devops-engineer-cv-sample/,Accounting Finance Resume Samples | CV Samples
32,Lifestyle Photographer CV Sample,https://resumekraft.com/lifestyle-photographer-cv-sample/,Creative Field Resume Examples | CV Samples
33,Social Studies Teacher CV Example,https://resumekraft.com/social-studies-teacher-cv-example/,CV Samples | Education Resume Examples
33,Draftsman CV Example,https://resumekraft.com/draftsman-cv-example/,Accounting Finance Resume Samples | CV Samples
33,Art and Craft Teacher CV Sample,https://resumekraft.com/art-and-craft-teacher-cv-sample/,CV Samples | Education Resume Examples
33,Medical Doctor CV Sample,https://resumekraft.com/medical-doctor-cv-sample/,CV Samples | Healthcare Resume Samples
33,Data Engineer CV Example,https://resumekraft.com/data-engineer-cv-example/,CV Samples | IT Resume Samples
33,Script Writer CV Example,https://resumekraft.com/script-writer-cv-example/,Creative Field Resume Examples | CV Template
33,Windows & VMware Systems Administrator CV Sample,https://resumekraft.com/windows-vmware-systems-administrator-cv-sample/,CV Samples | IT Resume Samples
33,Mean Stack Developer CV Example,https://resumekraft.com/mean-stack-developer-cv-example/,Accounting Finance Resume Samples | CV Samples
33,Validation Engineer CV Example,https://resumekraft.com/validation-engineer-cv-example/,Administration Resume Samples | CV Samples
33,Process & Quality Engineer CV Example,https://resumekraft.com/process-quality-engineer-cv-example/,Business Resume Examples | CV Samples
33,Dietitian CV Sample,https://resumekraft.com/dietitian-cv-sample-2/,CV Samples | Healthcare Resume Samples
33,Chief Accountant CV Example,https://resumekraft.com/chief-accountant-cv-example/,Accounting Finance Resume Samples | CV Samples
34,SAP FICO Consultant CV Sample,https://resumekraft.com/sap-fico-consultant-cv-sample/,CV Samples | IT Resume Samples
34,Oracle Developer CV Sample,https://resumekraft.com/oracle-developer-cv-sample/,CV Samples | IT Resume Samples
34,Python Django Developer CV Sample,https://resumekraft.com/python-django-developer-cv-sample/,CV Samples | IT Resume Samples
34,Manager – Digital Transformation CV Example,https://resumekraft.com/manager-digital-transformation-cv-example/,CV Samples | IT Resume Samples
34,Data Scientist CV Sample,https://resumekraft.com/data-scientist-cv-sample-4/,CV Samples | IT Resume Samples
34,Compliance Officer CV Example,https://resumekraft.com/compliance-officer-cv-example-2/,Accounting Finance Resume Samples | CV Samples
34,Visual Merchandiser CV Example,https://resumekraft.com/visual-merchandiser-cv-example/,CV Samples | Sales and Marketing Resume Samples
34,Speech & Language Pathologist CV Example,https://resumekraft.com/speech-language-pathologist-cv-example/,CV Samples | Healthcare Resume Samples
34,Full-Stack Developer CV Sample,https://resumekraft.com/full-stack-developer-cv-sample-2/,CV Samples | IT Resume Samples
34,IT Infrastructure Project Service Delivery CV Sample,https://resumekraft.com/it-infrastructure-project-service-delivery-cv-sample/,CV Samples | IT Resume Samples
34,Junior Software Developer CV Sample,https://resumekraft.com/junior-software-developer-cv-sample/,CV Samples | IT Resume Samples
34,Software Quality Assurance Manager CV Example,https://resumekraft.com/software-quality-assurance-manager-cv-example/,CV Samples | IT Resume Samples
35,Pharmacist CV Example,https://resumekraft.com/pharmacist-cv-example/,CV Samples | Healthcare Resume Samples
35,Content Creator CV Sample,https://resumekraft.com/content-creator-cv-sample/,Creative Field Resume Examples | CV Samples
35,PHP Developer CV Sample,https://resumekraft.com/php-developer-cv-sample-2/,CV Samples | IT Resume Samples
35,MSN-Family Nurse Practitioner CV Example,https://resumekraft.com/msn-family-nurse-practitioner-cv-example/,CV Samples | Healthcare Resume Samples
35,Customer Services Coordinator CV Example,https://resumekraft.com/customer-services-coordinator-cv-example/,CV Samples | Sales and Marketing Resume Samples
35,IT_SAP Professional CV Example,https://resumekraft.com/it_sap-professional-cv-example/,CV Samples | IT Resume Samples
35,Relationship Officer CV Sample,https://resumekraft.com/relationship-officer-cv-sample/,CV Samples | Sales and Marketing Resume Samples
35,TGT Arts Teacher CV Sample,https://resumekraft.com/tgt-arts-teacher-cv-sample/,Creative Field Resume Examples | CV Samples
35,Sr. Manager Enterprise Applications CV Example,https://resumekraft.com/sr-manager-enterprise-applications-cv-example/,Business Resume Examples | CV Samples
35,Junior QA Tester CV Sample,https://resumekraft.com/junior-qa-tester-cv-sample/,CV Samples | IT Resume Samples
35,Fresh Graduate CV Example,https://resumekraft.com/fresh-graduate-cv-example-2/,CV Samples | Education Resume Examples
35,Real Estate Lending CV Sample,https://resumekraft.com/real-estate-lending-cv-sample/,Business Resume Examples | CV Samples
36,IS Project Manager CV Example,https://resumekraft.com/is-project-manager-cv-example/,Accounting Finance Resume Samples | CV Samples
36,Executive Assistant CV Sample,https://resumekraft.com/executive-assistant-cv-sample/,CV Samples | Sales and Marketing Resume Samples
36,Lead Sterile Processing CV Example,https://resumekraft.com/lead-sterile-processing-cv-example/,Administration Resume Samples | CV Samples
36,Corporate Communication Manager CV Sample,https://resumekraft.com/corporate-communication-manager-cv-sample/,CV Samples | Sales and Marketing Resume Samples
36,Software Developer CV Example,https://resumekraft.com/software-developer-cv-example-2/,CV Samples | IT Resume Samples
36,Office Administrator CV Sample,https://resumekraft.com/office-administrator-cv-sample/,Administration Resume Samples | CV Samples
36,Human Resources CV Example,https://resumekraft.com/human-resources-cv-example/,Administration Resume Samples | CV Samples
36,Application Support CV Example,https://resumekraft.com/application-support-cv-example/,CV Samples | Sales and Marketing Resume Samples
36,Data Entry Controller CV Sample,https://resumekraft.com/data-entry-controller-cv-sample/,Administration Resume Samples | CV Samples
36,Demand Generation Executive CV Sample,https://resumekraft.com/demand-generation-executive-cv-sample/,Administration Resume Samples | CV Samples
36,Tririga Developer CV Example,https://resumekraft.com/tririga-developer-cv-example/,CV Samples | IT Resume Samples
36,Computer Operator CV Sample,https://resumekraft.com/computer-operator-cv-sample-2/,Administration Resume Samples | CV Samples
37,Senior Test Engineer CV Sample,https://resumekraft.com/senior-test-engineer-cv-sample-2/,CV Samples | IT Resume Samples
37,Business Development Manager CV Sample,https://resumekraft.com/business-development-manager-cv-sample-3/,Business Resume Examples | CV Samples
37,Agile Project Manager CV Example,https://resumekraft.com/agile-project-manager-cv-example/,CV Samples | IT Resume Samples
37,Interior Designer & CG Artist CV Sample,https://resumekraft.com/interior-designer-cg-artist-cv-sample/,CV Samples | Engineering Resume Examples
37,Office Manager CV Sample,https://resumekraft.com/office-manager-cv-sample/,Administration Resume Samples | CV Samples
37,Sales Manager CV Example,https://resumekraft.com/sales-manager-cv-example-3/,CV Samples | Sales and Marketing Resume Samples
37,Computer Engineering Student CV Example,https://resumekraft.com/computer-engineering-student-cv-example/,CV Samples | Engineering Resume Examples
37,Customer Service Assistance CV Sample,https://resumekraft.com/customer-service-assistance-cv-sample/,CV Samples | Sales and Marketing Resume Samples
37,Quality Inspector CV Example,https://resumekraft.com/quality-inspector-cv-example/,Administration Resume Samples | CV Samples
37,Teleselling CV Sample,https://resumekraft.com/teleselling-cv-sample/,CV Samples | Sales and Marketing Resume Samples
37,Lead Operational Delivery Manager CV Sample,https://resumekraft.com/lead-operational-delivery-manager-cv-sample/,Administration Resume Samples | CV Samples
37,High School Teacher CV Example,https://resumekraft.com/high-school-teacher-cv-example/,CV Samples | Education Resume Examples
38,Digital Content Writer CV Sample,https://resumekraft.com/digital-content-writer-cv-sample/,Creative Field Resume Examples | CV Samples
38,Reserve Team Manager CV Example,https://resumekraft.com/reserve-team-manager-cv-example/,Administration Resume Samples | CV Samples
38,Data Analyst Intern CV Sample,https://resumekraft.com/data-analyst-intern-cv-sample/,CV Samples | IT Resume Samples
38,Front-End Developer CV Example,https://resumekraft.com/front-end-developer-cv-example-2/,CV Samples | IT Resume Samples
38,Junior Health Assistance CV Sample,https://resumekraft.com/junior-health-assistance-cv-sample/,CV Samples | Healthcare Resume Samples
38,Credit Control Officer CV Example,https://resumekraft.com/credit-control-officer-cv-example/,Accounting Finance Resume Samples | CV Samples
38,Unity Developer CV Sample,https://resumekraft.com/unity-developer-cv-sample/,Creative Field Resume Examples | CV Samples
38,Fiber Engineer CV Sample,https://resumekraft.com/fiber-engineer-cv-sample/,CV Samples | Engineering Resume Examples
38,Gemology CV Example,https://resumekraft.com/gemology-cv-example/,Administration Resume Samples | CV Samples
38,Operation Theater Assistant CV Example,https://resumekraft.com/operation-theater-assistant-cv-example/,Administration Resume Samples | CV Samples
38,Montessori Teacher CV Sample,https://resumekraft.com/montessori-teacher-cv-sample/,CV Samples | Education Resume Examples
38,Security Analysts CV Sample,https://resumekraft.com/security-analysts-cv-sample/,Administration Resume Samples | CV Samples
39,Senior IT Project Manager – SAP S/4 Rollout CV Sample,https://resumekraft.com/senior-it-project-manager-sap/,CV Samples | IT Resume Samples
39,Oncology Specialty Representative CV Sample,https://resumekraft.com/oncology-specialty-representative-cv-sample/,Business Resume Examples | CV Samples
39,Strategic Communicator CV Example,https://resumekraft.com/strategic-communicator-cv-example/,CV Samples | Sales and Marketing Resume Samples
39,Enterprise Sales Executive CV Sample,https://resumekraft.com/enterprise-sales-executive-cv-sample/,CV Samples | Sales and Marketing Resume Samples
39,Sports Media Professional CV Example,https://resumekraft.com/sports-media-professional-cv-example/,Administration Resume Samples | CV Samples
39,Delivery Manager CV Sample,https://resumekraft.com/delivery-manager-cv-sample/,Business Resume Examples | CV Samples
39,Customer Support Executive CV Example,https://resumekraft.com/customer-support-executive-cv-example/,CV Samples | Sales and Marketing Resume Samples
39,SAP Basis Consultant CV Sample,https://resumekraft.com/sap-basis-consultant-cv-sample/,CV Samples | IT Resume Samples
39,GIS Analyst CV Example,https://resumekraft.com/gis-analyst-cv-example/,CV Samples | IT Resume Samples
39,Staff Engineer CV Sample,https://resumekraft.com/staff-engineer-cv-sample/,CV Samples | Engineering Resume Examples
39,Installation Technician CV Example,https://resumekraft.com/installation-technician-cv-example/,CV Samples | Engineering Resume Examples
39,Hospitality Management CV Sample,https://resumekraft.com/hospitality-management-cv-sample/,Administration Resume Samples | CV Samples
40,Senior Test Analyst CV Example,https://resumekraft.com/senior-test-analyst-cv-example/,CV Samples | IT Resume Samples
40,Senior Legal Advisor CV Sample,https://resumekraft.com/senior-legal-advisor-cv-sample/,Accounting Finance Resume Samples | CV Samples
40,Interior Architect CV Example,https://resumekraft.com/interior-architect-cv-example-2/,CV Samples | Engineering Resume Examples
40,Senior Patient Service Associate CV Example,https://resumekraft.com/senior-patient-service-associate-cv-example/,CV Samples | Healthcare Resume Samples
40,Zoologist CV Example,https://resumekraft.com/zoologist-cv-example/,CV Samples | Education Resume Examples
40,Social Researcher CV Sample,https://resumekraft.com/social-researcher-cv-sample/,CV Samples | Sales and Marketing Resume Samples
40,Institutional Operations CV Sample,https://resumekraft.com/institutional-operations-cv-sample/,Accounting Finance Resume Samples | CV Samples
40,Sales Associate CV Sample,https://resumekraft.com/sales-associate-cv-sample-2/,CV Samples | Sales and Marketing Resume Samples
40,Junior Programmer Developer CV Example,https://resumekraft.com/junior-programmer-developer-cv-example/,CV Samples | IT Resume Samples
40,Talent Acquisition Specialist CV Example,https://resumekraft.com/talent-acquisition-specialist-cv-example/,CV Samples | IT Resume Samples
40,Music Events Organizer CV Sample,https://resumekraft.com/music-events-organizer-cv-sample/,Administration Resume Samples | CV Samples
40,IT_SAP Professional CV Sample,https://resumekraft.com/it_sap-professional-cv-sample/,CV Samples | IT Resume Samples
41,IT Business Analyst CV Example,https://resumekraft.com/it-business-analyst-cv-example/,CV Samples | IT Resume Samples
41,Network Engineer CV Sample,https://resumekraft.com/network-engineer-cv-sample-2/,CV Samples | Engineering Resume Examples
41,Sr. Integration Consultant CV Example,https://resumekraft.com/sr-integration-consultant-cv-example/,CV Samples | Sales and Marketing Resume Samples
41,CAD Designer CV Example,https://resumekraft.com/cad-designer-cv-example/,CV Samples | Engineering Resume Examples
41,Design Engineer CV Example,https://resumekraft.com/design-engineer-cv-example-2/,CV Samples | Engineering Resume Examples
41,Construction Project Manager CV Sample,https://resumekraft.com/construction-project-manager-cv-sample/,CV Samples | Engineering Resume Examples
41,Sales Officer CV Sample,https://resumekraft.com/sales-officer-cv-sample/,CV Samples | Sales and Marketing Resume Samples
41,Head Teacher CV Example,https://resumekraft.com/head-teacher-cv-example/,CV Samples | Education Resume Examples
41,Programmer Analyst CV Example,https://resumekraft.com/programmer-analyst-cv-example-2/,CV Samples | IT Resume Samples
41,Full Stack Developer CV Sample,https://resumekraft.com/full-stack-developer-cv-sample/,CV Samples | IT Resume Samples
41,QC Chemist CV Example,https://resumekraft.com/qc-chemist-cv-example/,CV Samples | Healthcare Resume Samples
41,Photographer CV Sample,https://resumekraft.com/photographer-cv-sample-2/,Creative Field Resume Examples | CV Samples
42,Network Administrator CV Example,https://resumekraft.com/network-administrator-cv-example/,CV Samples | IT Resume Samples
42,Graphic Designer CV Sample,https://resumekraft.com/graphic-designer-cv-sample-2/,Creative Field Resume Examples | CV Samples
42,Influencer Marketing Specialist CV Sample,https://resumekraft.com/influencer-marketing-specialist-cv-sample/,CV Samples | Sales and Marketing Resume Samples
42,Azure Solutions Architect CV Example,https://resumekraft.com/azure-solutions-architect-cv-example/,CV Samples | IT Resume Samples
42,Client Analyst CV Example,https://resumekraft.com/client-analyst-cv-example/,Business Resume Examples | CV Samples
42,Cloud Engineer CV Sample,https://resumekraft.com/cloud-engineer-cv-sample-2/,CV Samples | IT Resume Samples
42,Penetration Tester CV Sample,https://resumekraft.com/penetration-tester-cv-sample/,CV Samples | IT Resume Samples
42,Desk Operations Specialist CV Example,https://resumekraft.com/desk-operations-specialist-cv-example/,Administration Resume Samples | CV Samples
42,Japanese Teacher CV Sample,https://resumekraft.com/japanese-teacher-cv-sample/,CV Samples | Education Resume Examples
42,Cloud Engineer CV Sample,https://resumekraft.com/cloud-engineer-cv-sample/,CV Samples | IT Resume Samples
42,IOS Developer CV Sample,https://resumekraft.com/ios-developer-cv-sample-2/,CV Samples | IT Resume Samples
42,Surveying Engineer CV Example,https://resumekraft.com/surveying-engineer-cv-example/,CV Samples | Engineering Resume Examples
43,LMR Program Director CV Example,https://resumekraft.com/lmr-program-director-cv-example/,Administration Resume Samples | CV Samples
43,Embedded Engineer CV Sample,https://resumekraft.com/embedded-engineer-cv-sample/,CV Samples | Engineering Resume Examples
43,Teacher CV Example,https://resumekraft.com/teacher-cv-example-3/,CV Samples | Education Resume Examples
43,React JS Developer CV Sample,https://resumekraft.com/reactjs-developer-cv-sample/,CV Samples | IT Resume Samples
43,Educational Administrator CV Example,https://resumekraft.com/educational-administrator-cv-example/,CV Samples | Education Resume Examples
43,Pharmacy Student CV Example,https://resumekraft.com/pharmacy-student-cv-example/,CV Samples | Healthcare Resume Samples
43,Interdisciplinary Arts Educator CV Sample,https://resumekraft.com/interdisciplinary-arts-educator-cv-sample/,CV Samples | IT Resume Samples
43,English Teacher CV Sample,https://resumekraft.com/english-teacher-cv-sample-3/,CV Samples | Education Resume Examples
43,Customer Service Representative CV Example,https://resumekraft.com/customer-service-representative-cv-example/,CV Samples | Sales and Marketing Resume Samples
43,Senior Personnel Officer CV Example,https://resumekraft.com/senior-personnel-officer-cv-example/,Administration Resume Samples | CV Samples
43,Communications Consultant CV Sample,https://resumekraft.com/communications-consultant-cv-sample/,CV Samples | Sales and Marketing Resume Samples
43,Programmer Analyst CV Example,https://resumekraft.com/programmer-analyst-cv-example/,CV Samples | IT Resume Samples
44,Civil Engineering Graduate CV Example,https://resumekraft.com/civil-engineering-graduate-cv-example/,CV Samples | Education Resume Examples
44,Project Assistant Engineer CV Sample,https://resumekraft.com/project-assistant-engineer-cv-sample/,CV Samples | IT Resume Samples
44,Senior Project Manager CV Sample,https://resumekraft.com/senior-project-manager-cv-sample-2/,CV Samples | IT Resume Samples
44,Pharmacist CV Sample,https://resumekraft.com/pharmacist-cv-sample-3/,CV Samples | Healthcare Resume Samples
44,Security Engineer CV Example,https://resumekraft.com/security-engineer-cv-example/,CV Samples | Engineering Resume Examples
44,Communications Coordinator CV Sample,https://resumekraft.com/communications-coordinator-cv-sample/,CV Samples | Sales and Marketing Resume Samples
44,Purchase & Cost Controller CV Example,https://resumekraft.com/purchase-cost-controller-cv-example/,CV Samples | Sales and Marketing Resume Samples
44,Java Developer CV Sample,https://resumekraft.com/java-developer-cv-sample-2/,CV Samples | IT Resume Samples
44,Research Student CV Example,https://resumekraft.com/research-student-cv-example/,CV Samples | Education Resume Examples
44,Taxation Manager CV Sample,https://resumekraft.com/taxation-manager-cv-sample/,Accounting Finance Resume Samples | CV Samples
44,Senior Civil Foreman CV Sample,https://resumekraft.com/senior-civil-foreman-cv-sample/,CV Samples | Engineering Resume Examples
44,Interior Designer CV Example,https://resumekraft.com/interior-designer-cv-example/,Creative Field Resume Examples | CV Samples
45,Architect Designer CV Example,https://resumekraft.com/architect-designer-cv-example/,CV Samples | Engineering Resume Examples
45,Aeronautical Engineer CV Sample,https://resumekraft.com/aeronautical-engineer-cv-sample-2/,CV Samples | Engineering Resume Examples
45,Senior Data Scientist CV Example,https://resumekraft.com/senior-data-scientist-cv-example/,CV Samples | IT Resume Samples
45,Solution Designer CV Sample,https://resumekraft.com/solution-designer-cv-sample/,Business Resume Examples | CV Samples
45,Procurement Specialist CV Sample,https://resumekraft.com/procurement-specialist-cv-sample/,CV Samples | Sales and Marketing Resume Samples
45,Process Associate CV Sample,https://resumekraft.com/process-associate-cv-sample/,Administration Resume Samples | CV Samples
45,Compliance Analyst CV Example,https://resumekraft.com/compliance-analyst-cv-example/,Administration Resume Samples | CV Samples
45,Senior Backend Developer CV Sample,https://resumekraft.com/senior-backend-developer-cv-sample/,CV Samples | IT Resume Samples
45,Front Desk Assistant CV Example,https://resumekraft.com/front-desk-assistant-cv-example/,CV Samples | Sales and Marketing Resume Samples
45,Senior Information Security Analyst CV Sample,https://resumekraft.com/senior-information-security-analyst-cv-sample/,CV Samples | IT Resume Samples
45,Accounting Manager CV Example,https://resumekraft.com/accounting-manager-cv-example/,Accounting Finance Resume Samples | CV Samples
45,Tutor CV Example,https://resumekraft.com/tutor-cv-example/,CV Samples | Education Resume Examples
46,Php Developer CV Sample,https://resumekraft.com/php-developer-cv-sample/,CV Samples | IT Resume Samples
46,Global Delivery Head CV Example,https://resumekraft.com/global-delivery-head-cv-example/,Business Resume Examples | CV Samples
46,IT sales Lead CV Example,https://resumekraft.com/it-sales-lead-cv-example/,CV Samples | Sales and Marketing Resume Samples
46,IT Manager CV Sample,https://resumekraft.com/it-manager-cv-sample-2/,CV Samples | IT Resume Samples
46,Supply Chain Management CV Example,https://resumekraft.com/supply-chain-management-cv-example-2/,Administration Resume Samples | CV Samples
46,Logistics Office Boy CV Sample,https://resumekraft.com/logistics-office-boy-cv-sample/,CV Samples | Sales and Marketing Resume Samples
46,Cloud Sales CV Sample,https://resumekraft.com/cloud-sales-cv-sample/,CV Samples | Sales and Marketing Resume Samples
46,Data Base Tech Lead CV Example,https://resumekraft.com/data-base-tech-lead-cv-example/,CV Samples | IT Resume Samples
46,Laboratory Analyst CV Example,https://resumekraft.com/laboratory-analyst-cv-example/,CV Samples | Healthcare Resume Samples
46,Senior Graphic Designer CV Sample,https://resumekraft.com/senior-graphic-designer-cv-sample/,Creative Field Resume Examples | CV Samples
46,Project Manager CV Sample,https://resumekraft.com/project-manager-cv-sample-2/,Business Resume Examples | CV Samples
46,Copywriter CV Example,https://resumekraft.com/copywriter-cv-example/,Creative Field Resume Examples | CV Samples
47,Linux System Administrator CV Sample,https://resumekraft.com/linux-system-administrator-cv-sample/,CV Samples | IT Resume Samples
47,Financial Analyst CV Example,https://resumekraft.com/financial-analyst-cv-example-2/,Accounting Finance Resume Samples | CV Samples
47,Chemical Engineering CV Sample,https://resumekraft.com/chemical-engineering-cv-sample-2/,CV Samples | Engineering Resume Examples
47,Business Analyst Intern CV Example,https://resumekraft.com/business-analyst-intern-cv-example/,Business Resume Examples | CV Samples
47,Product Marketer CV Sample,https://resumekraft.com/product-marketer-cv-sample-2/,CV Samples | Sales and Marketing Resume Samples
47,Associate Software Engineer CV Sample,https://resumekraft.com/associate-software-engineer-cv-sample-2/,CV Samples | IT Resume Samples
47,Lecturer Psychology CV Example,https://resumekraft.com/lecturer-psychology-cv-example/,CV Samples | Education Resume Examples
47,Automation Test Engineer CV Example,https://resumekraft.com/automation-test-engineer-cv-example/,CV Samples | IT Resume Samples
47,Senior Accountant CV Sample,https://resumekraft.com/senior-accountant-cv-sample/,Accounting Finance Resume Samples | CV Samples
47,Engineer-Mineral Processing CV Example,https://resumekraft.com/engineer-mineral-processing-cv-example/,CV Samples | Engineering Resume Examples
47,Events & Marketing Manager CV Example,https://resumekraft.com/events-marketing-manager-cv-example/,CV Samples | Sales and Marketing Resume Samples
47,Security & Software Developer CV Example,https://resumekraft.com/security-software-developer-cv-example/,CV Samples | IT Resume Samples
48,HR Specialist CV Sample,https://resumekraft.com/hr-specialist-cv-sample/,Administration Resume Samples | CV Samples
48,Receptionist CV Sample,https://resumekraft.com/receptionist-cv-sample/,Administration Resume Samples | CV Samples
48,Salesforce Technical Architect CV Sample,https://resumekraft.com/salesforce-technical-architect-cv-sample/,Business Resume Examples | CV Samples | IT Resume Samples
48,Lead Class Underwriter CV Example,https://resumekraft.com/lead-class-underwriter-cv-example/,Business Resume Examples | CV Samples
48,Supply Chain Management CV Example,https://resumekraft.com/supply-chain-management-cv-example/,Administration Resume Samples | CV Samples
48,Product Marketer CV Sample,https://resumekraft.com/product-marketer-cv-sample/,CV Samples | Sales and Marketing Resume Samples
48,Registered Behavior Therapist CV Example,https://resumekraft.com/registered-behavior-therapist-cv-example/,CV Samples | Healthcare Resume Samples
48,Software Engineer CV Sample,https://resumekraft.com/software-engineer-cv-sample-2/,CV Samples | IT Resume Samples
48,Electrical Engineer CV Example,https://resumekraft.com/electrical-engineer-cv-example-2/,CV Samples | Engineering Resume Examples
48,Teacher CV Example,https://resumekraft.com/teacher-cv-example-2/,CV Samples | Education Resume Examples
48,Customer Service Representative CV Sample,https://resumekraft.com/customer-service-representative-cv-sample-3/,CV Samples | Sales and Marketing Resume Samples
48,SAP FICO Sr. Consultant CV Example,https://resumekraft.com/sap-fico-sr-consultant-cv-example/,CV Samples | IT Resume Samples
49,Java Developer CV Sample,https://resumekraft.com/java-developer-cv-sample/,CV Samples | IT Resume Samples
49,Embedded Engineer CV Example,https://resumekraft.com/embedded-engineer-cv-example/,CV Samples | Engineering Resume Examples
49,Vendor Analyst CV Sample,https://resumekraft.com/vendor-analyst-cv-sample/,Administration Resume Samples | CV Samples
49,Associate Software Engineer CV Sample,https://resumekraft.com/associate-software-engineer-cv-sample/,CV Samples | Engineering Resume Examples
49,Technical Support Engineer CV Sample,https://resumekraft.com/technical-support-engineer-cv-sample/,CV Samples | Engineering Resume Examples
49,Software Programmer Intern CV Example,https://resumekraft.com/software-programmer-intern-cv-example/,CV Samples | IT Resume Samples
49,Personal Assistant CV Sample,https://resumekraft.com/personal-assistant-cv-sample/,Administration Resume Samples | CV Samples
49,Fresher CV Example,https://resumekraft.com/fresher-cv-example/,CV Samples | Education Resume Examples
49,Test Automation Engineer CV Sample,https://resumekraft.com/test-automation-engineer-cv-sample/,CV Samples | IT Resume Samples
49,Systems Analyst CV Sample,https://resumekraft.com/systems-analyst-cv-sample/,CV Samples | IT Resume Samples
49,Banking Supervisor CV Sample,https://resumekraft.com/banking-supervisor-cv-sample/,Accounting Finance Resume Samples | CV Samples
49,Accounts Payable CV Example,https://resumekraft.com/accounts-payable-cv-example/,Accounting Finance Resume Samples | CV Samples
50,3D Artist CV Sample,https://resumekraft.com/3d-artist-cv-sample-2/,Creative Field Resume Examples | CV Samples
50,Software Developer Trainee CV Example,https://resumekraft.com/software-developer-trainee-cv-example/,CV Samples | IT Resume Samples
50,Academic Counselor CV Sample,https://resumekraft.com/academic-counselor-cv-sample/,CV Samples | Education Resume Examples
50,Knowledge Management Specialist CV Example,https://resumekraft.com/knowledge-management-specialist-cv-example/,Administration Resume Samples | CV Samples
50,Junior Flutter Developer CV Sample,https://resumekraft.com/junior-flutter-developer-cv-sample/,CV Samples | IT Resume Samples
50,Second Year Undergraduate CV Example,https://resumekraft.com/second-year-undergraduate-cv-example/,CV Samples | Education Resume Examples
50,Senior Cabin Crew CV Sample,https://resumekraft.com/senior-cabin-crew-cv-sample/,Administration Resume Samples | CV Samples
50,Electrical Engineer CV Example,https://resumekraft.com/electrical-engineer-cv-example/,CV Samples | Engineering Resume Examples
50,Project Officer CV Sample,https://resumekraft.com/project-officer-cv-sample/,Business Resume Examples | CV Samples
50,Talent Acquisition Coordinator CV Example,https://resumekraft.com/talent-acquisition-coordinator-cv-example/,Administration Resume Samples | CV Samples
50,Nurse Assistant CV Sample,https://resumekraft.com/nurse-assistant-cv-sample/,CV Samples | Healthcare Resume Samples
50,Guest Faculty CV Example,https://resumekraft.com/guest-faculty-cv-example/,CV Samples | Education Resume Examples
51,IT Manager CV Sample,https://resumekraft.com/it-manager-cv-sample/,CV Samples | IT Resume Samples
51,Finance and Accounting Professional CV Example,https://resumekraft.com/finance-and-accounting-professional-cv-example/,Accounting Finance Resume Samples | CV Samples
51,IOS Developer CV Sample,https://resumekraft.com/ios-developer-cv-sample/,CV Samples | IT Resume Samples
51,Trainee Estimation Engineer CV Sample,https://resumekraft.com/trainee-estimation-engineer-cv-sample/,Business Resume Examples | CV Samples
51,IT Project Manager CV Example,https://resumekraft.com/it-project-manager-cv-example/,CV Samples | IT Resume Samples
51,.NET Developer CV Sample,https://resumekraft.com/net-developer-cv-sample/,CV Samples | IT Resume Samples
51,Bank Manager CV Example,https://resumekraft.com/bank-manager-cv-example/,Accounting Finance Resume Samples | CV Samples
51,Senior Associate Client Services CV Sample,https://resumekraft.com/senior-associate-client-services-cv-sample/,Business Resume Examples | CV Samples
51,Brand Marketing Manager CV Example,https://resumekraft.com/brand-marketing-manager-cv-example/,Business Resume Examples | CV Samples
51,Project Billing Engineer CV Sample,https://resumekraft.com/project-billing-engineer-cv-sample/,Business Resume Examples | CV Samples
51,Full Stack Web Developer CV Example,https://resumekraft.com/full-stack-web-developer-cv-example/,CV Samples | IT Resume Samples
51,HR Internship CV Sample,https://resumekraft.com/hr-internship-cv-sample/,Administration Resume Samples | CV Samples
52,Structural Engineer CV Example,https://resumekraft.com/structural-engineer-cv-example-3/,CV Samples | Engineering Resume Examples
52,Client Delivery Manager CV Sample,https://resumekraft.com/client-delivery-manager-cv-sample/,Business Resume Examples | CV Samples
52,Automation System Engineer CV Example,https://resumekraft.com/automation-system-engineer-cv-example/,CV Samples | IT Resume Samples
52,Senior Service Engineer CV Sample,https://resumekraft.com/senior-service-engineer-cv-sample/,CV Samples | Engineering Resume Examples
52,Professional English Teacher CV Example,https://resumekraft.com/professional-english-teacher-cv-example/,CV Samples | Education Resume Examples
52,Deep Learning CV Sample,https://resumekraft.com/deep-learning-cv-sample/,CV Samples | IT Resume Samples
52,Manufacture Engineering CV Example,https://resumekraft.com/manufacture-engineering-cv-example/,CV Samples | Engineering Resume Examples
52,English Translator CV Example,https://resumekraft.com/english-translator-cv-example-2/,CV Samples | Education Resume Examples
52,Junior Software Engineer CV Example,https://resumekraft.com/junior-software-engineer-cv-example/,CV Samples | IT Resume Samples
52,Sales Marketing & Billing CV Sample,https://resumekraft.com/sales-marketing-billing-cv-sample/,CV Samples | Sales and Marketing Resume Samples
52,Software Developer CV Example,https://resumekraft.com/software-developer-cv-example/,CV Samples | IT Resume Samples
52,Business Analyst CV Sample,https://resumekraft.com/business-analyst-cv-sample/,Business Resume Examples | CV Samples
53,Dental Hygienist CV Example,https://resumekraft.com/dental-hygienist-cv-example/,CV Samples | Healthcare Resume Samples
53,Software Developer – Intern CV Sample,https://resumekraft.com/software-developer-intern-cv-sample/,CV Samples | IT Resume Samples
53,Senior Project Manager CV Example,https://resumekraft.com/senior-project-manager-cv-example-2/,Business Resume Examples | CV Samples
53,Customer Success Manager CV Sample,https://resumekraft.com/customer-success-manager-cv-sample/,CV Samples | Sales and Marketing Resume Samples
53,Human Resource Intern CV Example,https://resumekraft.com/human-resource-intern-cv-example/,Administration Resume Samples | CV Samples
53,Financial Analyst CV Sample,https://resumekraft.com/financial-analyst-cv-sample-3/,Accounting Finance Resume Samples | CV Samples
53,Enterprise Account Manager CV Sample,https://resumekraft.com/enterprise-account-manager-cv-sample/,Business Resume Examples | CV Samples
53,Civil Engineer CV Example,https://resumekraft.com/civil-engineer-cv-example-2/,CV Samples | Engineering Resume Examples
53,Administration & Logistics Supervisor CV Sample,https://resumekraft.com/administration-logistics-supervisor-cv-sample/,Administration Resume Samples | CV Samples
53,Emergency Staff Nurse CV Example,https://resumekraft.com/emergency-staff-nurse-cv-example/,CV Samples | Healthcare Resume Samples
53,Computer Instructor CV Example,https://resumekraft.com/computer-instructor-cv-example/,CV Samples | Education Resume Examples
53,Teller CV Example,https://resumekraft.com/teller-cv-example/,Accounting Finance Resume Samples | CV Samples
54,Corporate Communication CV Sample,https://resumekraft.com/corporate-communication-cv-sample/,CV Samples | Sales and Marketing Resume Samples
54,Travel Agent CV Sample,https://resumekraft.com/travel-agent-cv-sample/,Business Resume Examples | CV Samples
54,Solution Architect CV Example,https://resumekraft.com/solution-architect-cv-example-2/,Accounting Finance Resume Samples | CV Samples
54,Civil Engineer CV Sample,https://resumekraft.com/civil-engineer-cv-sample-2/,CV Samples | Engineering Resume Examples
54,Audit Manager CV Sample,https://resumekraft.com/audit-manager-cv-sample/,Accounting Finance Resume Samples | CV Samples
54,English Translator CV Example,https://resumekraft.com/english-translator-cv-example/,CV Samples | Education Resume Examples
54,IT Teacher CV Sample,https://resumekraft.com/it-teacher-cv-sample/,CV Samples | Education Resume Examples
54,Solution Architect CV Example,https://resumekraft.com/solution-architect-cv-example/,CV Samples | IT Resume Samples
54,Video Editor CV Sample,https://resumekraft.com/video-editor-cv-sample/,Creative Field Resume Examples | CV Samples
54,Oracle Pl SQL Developer CV Sample,https://resumekraft.com/oracle-pl-sql-developer-cv-sample/,CV Samples | IT Resume Samples
54,Geneticist CV Example,https://resumekraft.com/geneticist-cv-example/,CV Samples | Healthcare Resume Samples
54,Surgical Technician CV Example,https://resumekraft.com/surgical-technician-cv-example/,CV Samples | Healthcare Resume Samples
55,Materials Planner CV Sample,https://resumekraft.com/materials-planner-cv-sample/,Administration Resume Samples | CV Samples
55,Technical Skills Coach CV Example,https://resumekraft.com/technical-skills-coach-cv-example/,Administration Resume Samples | CV Samples
55,Lecturer Biotechnology CV Example,https://resumekraft.com/lecturer-biotechnology-cv-example/,CV Samples | Education Resume Examples
55,Cybersecurity CV Sample,https://resumekraft.com/cybersecurity-cv-sample/,CV Samples | IT Resume Samples
55,Accounting & Taxation CV Sample,https://resumekraft.com/accounting-taxation-cv-sample/,Accounting Finance Resume Samples | CV Samples
55,SAP Consultant CV Example,https://resumekraft.com/sap-consultant-cv-example/,CV Samples | IT Resume Samples
55,Supply Chain Management CV Sample,https://resumekraft.com/supply-chain-management-cv-sample/,CV Samples | Sales and Marketing Resume Samples
55,Commercial Pilot CV Sample,https://resumekraft.com/commercial-pilot-cv-sample/,CV Samples | Engineering Resume Examples
55,Apple Developer (iOS) CV Sample,https://resumekraft.com/apple-developer-ios-cv-sample/,CV Samples | IT Resume Samples
55,Photographer CV Example,https://resumekraft.com/photographer-cv-example/,Creative Field Resume Examples | CV Samples
55,Talent Acquisition CV Example,https://resumekraft.com/talent-acquisition-cv-example/,Administration Resume Samples | CV Samples
55,News Reporter CV Sample,https://resumekraft.com/news-reporter-cv-sample/,Creative Field Resume Examples | CV Samples
56,Senior Software Developer CV Sample,https://resumekraft.com/senior-software-developer-cv-sample/,CV Samples | IT Resume Samples
56,Social Media Manager CV Example,https://resumekraft.com/social-media-manager-cv-example/,CV Samples | Sales and Marketing Resume Samples
56,Agile HR CV Sample,https://resumekraft.com/agile-hr-cv-sample/,Administration Resume Samples | CV Samples
56,Warehouse Assistant Manager CV Example,https://resumekraft.com/warehouse-assistant-manager-cv-example/,Administration Resume Samples | CV Samples
56,Mental Health Therapist CV Sample,https://resumekraft.com/mental-health-therapist-cv-sample/,CV Samples | Healthcare Resume Samples
56,Human Resource Admin CV Example,https://resumekraft.com/human-resource-admin-cv-example/,Administration Resume Samples | CV Samples
56,Network Engineer CV Sample,https://resumekraft.com/network-engineer-cv-sample/,CV Samples | Engineering Resume Examples
56,Data scientist CV Sample,https://resumekraft.com/data-scientist-cv-sample-3/,CV Samples | IT Resume Samples
56,Machine learning Engineer CV Example,https://resumekraft.com/machine-learning-engineer-cv-example/,CV Samples | Engineering Resume Examples
56,Construction Engineer CV Example,https://resumekraft.com/construction-engineer-cv-example/,CV Samples | Engineering Resume Examples
56,Business Development – Sales CV Sample,https://resumekraft.com/business-development-sales-cv-sample/,Business Resume Examples | CV Samples
56,University Graduates CV Example,https://resumekraft.com/university-graduates-cv-example/,CV Samples | Education Resume Examples
57,Registered Nurse CV Sample,https://resumekraft.com/registered-nurse-cv-sample-2/,CV Samples | Healthcare Resume Samples
57,Business Support Specialist CV Example,https://resumekraft.com/business-support-specialist-cv-example/,Business Resume Examples | CV Samples
57,Corporate Lawyer CV Sample,https://resumekraft.com/corporate-lawyer-cv-sample/,Administration Resume Samples | CV Samples
57,Business Development Manager CV Example,https://resumekraft.com/business-development-manager-cv-example/,Business Resume Examples | CV Samples
57,Manual QC CV Example,https://resumekraft.com/manual-qc-cv-example/,CV Samples | IT Resume Samples
57,Public Relations CV Sample,https://resumekraft.com/public-relations-cv-sample/,CV Samples | Sales and Marketing Resume Samples
57,Sales Assistant CV Sample,https://resumekraft.com/sales-assistant-cv-sample-2/,CV Samples | Sales and Marketing Resume Samples
57,Wait Staff CV Sample,https://resumekraft.com/wait-staff-cv-sample/,CV Samples | Sales and Marketing Resume Samples
57,iOS Developer CV Example,https://resumekraft.com/ios-developer-cv-example/,CV Samples | IT Resume Samples
57,Field Service Specialist CV Sample,https://resumekraft.com/field-service-specialist-cv-sample/,Business Resume Examples | CV Samples
57,Process Executive CV Example,https://resumekraft.com/process-executive-cv-example/,Business Resume Examples | CV Samples
57,3D Animator CV Sample,https://resumekraft.com/3d-animator-cv-sample/,Creative Field Resume Examples | CV Samples
58,Image Editor CV Example,https://resumekraft.com/image-editor-cv-example/,Creative Field Resume Examples | CV Samples
58,Destination Marketer CV Sample,https://resumekraft.com/destination-marketer-cv-sample/,CV Samples | Sales and Marketing Resume Samples
58,Business Intelligence CV Example,https://resumekraft.com/business-intelligence-cv-example/,Business Resume Examples | CV Samples
58,Travel Consultant CV Sample,https://resumekraft.com/travel-consultant-cv-sample/,Business Resume Examples | CV Samples
58,Embedded Developer CV Sample,https://resumekraft.com/embedded-developer-cv-sample/,CV Samples | Engineering Resume Examples
58,Stock Manager CV Example,https://resumekraft.com/stock-manager-cv-example/,Accounting Finance Resume Samples | CV Samples
58,Automation Engineer CV Sample,https://resumekraft.com/automation-engineer-cv-sample/,CV Samples | IT Resume Samples
58,Bar Executive CV Example,https://resumekraft.com/bar-executive-cv-example/,Administration Resume Samples | CV Samples
58,English Teacher CV Sample,https://resumekraft.com/english-teacher-cv-sample-2/,CV Samples | Education Resume Examples
58,Matte Painter CV Sample,https://resumekraft.com/matte-painter-cv-sample/,Business Resume Examples | CV Samples
58,Architectural Designer CV Sample,https://resumekraft.com/architectural-designer-cv-sample/,CV Samples | Engineering Resume Examples
58,Junior Data Scientist CV Example,https://resumekraft.com/junior-data-scientist-cv-example/,CV Samples | IT Resume Samples
59,Chartered Accountant CV Example,https://resumekraft.com/chartered-accountant-cv-example-2/,Accounting Finance Resume Samples | CV Samples
59,3D Artist CV Sample,https://resumekraft.com/3d-artist-cv-sample/,Creative Field Resume Examples | CV Samples
59,Supplier Relation Supervisor CV Example,https://resumekraft.com/supplier-relation-supervisor-cv-example/,CV Samples | Sales and Marketing Resume Samples
59,Recruitment Professional CV Sample,https://resumekraft.com/recruitment-professional-cv-sample/,CV Samples | Sales and Marketing Resume Samples
59,Front End Developer CV Example,https://resumekraft.com/front-end-developer-cv-example/,CV Samples | IT Resume Samples
59,Office Administration CV Example,https://resumekraft.com/office-administration-cv-example/,Administration Resume Samples | CV Samples
59,Credit Manager CV Example,https://resumekraft.com/credit-manager-cv-example/,Accounting Finance Resume Samples | CV Samples
59,Director HR CV Sample,https://resumekraft.com/director-hr-cv-sample/,Administration Resume Samples | CV Samples
59,Warehouse Manager CV Sample,https://resumekraft.com/warehouse-manager-cv-sample/,CV Samples | Engineering Resume Examples
59,Lead Information Security Engineer CV Example,https://resumekraft.com/lead-information-security-engineer-cv-example/,CV Samples | IT Resume Samples
59,Senior Agile Delivery Manager CV Sample,https://resumekraft.com/senior-agile-delivery-manager-cv-sample/,CV Samples | IT Resume Samples
59,Project Delivery Manager CV Example,https://resumekraft.com/project-delivery-manager-cv-example/,Administration Resume Samples | CV Samples
60,Recruitment Consultant CV Sample,https://resumekraft.com/recruitment-consultant-cv-sample/,Administration Resume Samples | CV Samples
60,Pharmacy Intern CV Sample,https://resumekraft.com/pharmacy-intern-cv-sample/,CV Samples | Healthcare Resume Samples
60,Client Relationship Manager CV Example,https://resumekraft.com/client-relationship-manager-cv-example/,CV Samples | Sales and Marketing Resume Samples
60,Medical Information Officer CV Sample,https://resumekraft.com/medical-information-officer-cv-sample/,CV Samples | Healthcare Resume Samples
60,Sommelier CV Example,https://resumekraft.com/sommelier-cv-example/,CV Samples
60,Lead Lecturer CV Sample,https://resumekraft.com/lead-lecturer-cv-sample/,CV Samples | Education Resume Examples
60,PHP Developer CV Example,https://resumekraft.com/php-developer-cv-example/,CV Samples | IT Resume Samples
60,Internal Audit Team Leader CV Sample,https://resumekraft.com/internal-audit-team-leader-cv-sample/,Accounting Finance Resume Samples | CV Samples
60,Positive Psychology Coach CV Example,https://resumekraft.com/positive-psychology-coach-cv-example/,CV Samples | Healthcare Resume Samples
60,Security Analyst CV Sample,https://resumekraft.com/security-analyst-cv-sample/,CV Samples | IT Resume Samples
60,Regional Sales Manager CV Example,https://resumekraft.com/regional-sales-manager-cv-example/,CV Samples | Sales and Marketing Resume Samples
60,UX Graphic Designer CV Sample,https://resumekraft.com/ux-graphic-designer-cv-sample/,CV Samples | IT Resume Samples
61,Italian & English Teacher Recruiter CV Example,https://resumekraft.com/italian-english-teacher-recruiter-cv-example/,Administration Resume Samples | CV Samples
61,Travel Counsellor CV Example,https://resumekraft.com/travel-counsellor-cv-example/,CV Samples
61,Credit Risk Manager CV Sample,https://resumekraft.com/credit-risk-manager-cv-sample/,Accounting Finance Resume Samples | CV Samples
61,Customer Service and Sales Professional CV Example,https://resumekraft.com/customer-service-and-sales-professional-cv-example/,CV Samples | Sales and Marketing Resume Samples
61,Assistant Construction Manager CV Sample,https://resumekraft.com/assistant-construction-manager-cv-sample/,CV Samples | Engineering Resume Examples
61,IT Support Engineer CV Example,https://resumekraft.com/it-support-engineer-cv-example/,CV Samples | IT Resume Samples
61,Web Developer CV Sample,https://resumekraft.com/web-developer-cv-sample/,CV Samples | IT Resume Samples
61,Senior Process Engineer CV Example,https://resumekraft.com/senior-process-engineer-cv-example/,CV Samples | Engineering Resume Examples
61,Cloud Developer CV Sample,https://resumekraft.com/cloud-developer-cv-sample/,CV Samples | IT Resume Samples
61,Fresh Graduate CV Example,https://resumekraft.com/fresh-graduate-cv-example/,CV Samples
61,IT Director CV Sample,https://resumekraft.com/it-director-cv-sample/,CV Samples | IT Resume Samples
61,Banker CV Sample,https://resumekraft.com/banker-cv-sample/,Accounting Finance Resume Samples | CV Samples
62,Data Visualization CV Example,https://resumekraft.com/data-visualization-cv-example/,CV Samples | IT Resume Samples
62,Planner and Strategist CV Sample,https://resumekraft.com/planner-and-strategist-cv-sample/,Administration Resume Samples | CV Samples
62,Computer Engineering CV Example,https://resumekraft.com/computer-engineering-cv-example/,CV Samples | Engineering Resume Examples
62,Design & Development Engineer CV Sample,https://resumekraft.com/design-development-engineer-cv-sample/,CV Samples | Engineering Resume Examples
62,Relationship Manager CV Example,https://resumekraft.com/relationship-manager-cv-example/,Business Resume Examples | CV Samples
62,Determinant & Diligent CV Sample,https://resumekraft.com/determinant-diligent-cv-sample/,CV Samples | Education Resume Examples
62,Cashier CV Example,https://resumekraft.com/cashier-cv-example/,Accounting Finance Resume Samples | CV Samples
62,Associate Consultant CV Sample,https://resumekraft.com/associate-consultant-cv-sample/,CV Samples | IT Resume Samples
62,Applied Data Science CV Example,https://resumekraft.com/applied-data-science-cv-example/,CV Samples | IT Resume Samples
62,Oracle Fusion Financial Consultant CV Sample,https://resumekraft.com/oracle-fusion-financial-consultant-cv-sample/,CV Samples | IT Resume Samples
62,Senior Front end Developer CV Example,https://resumekraft.com/senior-front-end-developer-cv-example/,CV Samples | IT Resume Samples
62,Senior Environmental Expert CV Sample,https://resumekraft.com/senior-environmental-expert-cv-sample/,CV Samples | Education Resume Examples
63,Senior Admin & HR CV Sample,https://resumekraft.com/senior-admin-hr-cv-sample/,Administration Resume Samples | CV Samples
63,Project Manager CV Example,https://resumekraft.com/project-manager-cv-example/,CV Samples | IT Resume Samples
63,Business Development Manager CV Sample,https://resumekraft.com/business-development-manager-cv-sample-2/,Business Resume Examples | CV Samples
63,Operator – Bulk Handling Equipment CV Example,https://resumekraft.com/operator-bulk-handling-equipment-cv-example/,Administration Resume Samples | CV Samples
63,Network Support Assistant CV Sample,https://resumekraft.com/network-support-assistant-cv-sample/,CV Samples | Engineering Resume Examples
63,Branch Operations Manager CV Example,https://resumekraft.com/branch-operations-manager-cv-example/,Business Resume Examples | CV Samples
63,Investment Banker CV Example,https://resumekraft.com/investment-banker-cv-example/,Accounting Finance Resume Samples | CV Samples
63,Google Cloud Architect CV Sample,https://resumekraft.com/google-cloud-architect-cv-sample/,CV Samples | IT Resume Samples
63,Help Desk Specialist CV Example,https://resumekraft.com/help-desk-specialist-cv-example/,CV Samples | IT Resume Samples
63,Admin Receptionist CV Sample,https://resumekraft.com/admin-receptionist-cv-sample/,Administration Resume Samples | CV Samples
63,Enterprise Project Manager CV Example,https://resumekraft.com/enterprise-project-manager-cv-example/,CV Samples | Engineering Resume Examples
63,Sales Agent CV Sample,https://resumekraft.com/sales-agent-cv-sample/,CV Samples | Sales and Marketing Resume Samples
64,System Engineer CV Example,https://resumekraft.com/system-engineer-cv-example/,CV Samples | IT Resume Samples
64,Communications Technician CV Sample,https://resumekraft.com/communications-technician-cv-sample/,CV Samples | Sales and Marketing Resume Samples
64,PL SQL Developer CV Example,https://resumekraft.com/pl-sql-developer-cv-example/,CV Samples | IT Resume Samples
64,Graphic Designer CV Sample,https://resumekraft.com/graphic-designer-cv-sample/,Creative Field Resume Examples | CV Samples
64,Teacher CV Example,https://resumekraft.com/teacher-cv-example/,CV Samples | Education Resume Examples
64,BI Platform Administrator CV Example,https://resumekraft.com/bi-platform-administrator-cv-example/,CV Samples | IT Resume Samples
64,Manufacturing Executive CV Sample,https://resumekraft.com/manufacturing-executive-cv-sample/,Business Resume Examples | CV Samples | IT Resume Samples
64,Mathematics Teacher CV Example,https://resumekraft.com/mathematics-teacher-cv-example/,CV Samples | Education Resume Examples
64,Marketing Manager CV Example,https://resumekraft.com/marketing-manager-cv-example/,CV Samples | Sales and Marketing Resume Samples
64,Copywriter CV Sample,https://resumekraft.com/copywriter-cv-sample-2/,Creative Field Resume Examples | CV Samples
64,Hospitality Training Manager CV Sample,https://resumekraft.com/hospitality-training-manager-cv-sample/,CV Samples | Healthcare Resume Samples
64,Manager-Real Assets CV Example,https://resumekraft.com/manager-real-assets-cv-example/,Business Resume Examples | CV Samples
65,Associate IT Consultant CV Sample,https://resumekraft.com/associate-it-consultant-cv-sample/,CV Samples | IT Resume Samples
65,Financial Analyst CV Example,https://resumekraft.com/financial-analyst-cv-example/,Accounting Finance Resume Samples | CV Samples
65,Content Writer CV Example,https://resumekraft.com/content-writer-cv-example-2/,Creative Field Resume Examples | CV Samples
65,Sports Director CV Sample,https://resumekraft.com/sports-director-cv-sample/,Administration Resume Samples | CV Samples
65,Entertainment Entrepreneur CV Example,https://resumekraft.com/entertainment-entrepreneur-cv-example/,Business Resume Examples | Creative Field Resume Examples | CV Samples
65,Assistant Director Health CV Sample,https://resumekraft.com/assistant-director-health-cv-sample/,CV Samples | Healthcare Resume Samples
65,R Programmer CV Example,https://resumekraft.com/r-programmer-cv-example/,CV Samples | IT Resume Samples
65,Office Manager CV Example,https://resumekraft.com/office-manager-cv-example-2/,Accounting Finance Resume Samples | CV Samples
65,Biotechnologist CV Sample,https://resumekraft.com/biotechnologist-cv-sample/,Business Resume Examples | CV Samples
65,Special Needs Educator CV Example,https://resumekraft.com/special-needs-educator-cv-example/,CV Samples | Education Resume Examples | Healthcare Resume Samples
65,Physical Therapist CV Sample,https://resumekraft.com/physical-therapist-cv-sample/,CV Samples | Healthcare Resume Samples
65,Commercial Airline Pilot CV Example,https://resumekraft.com/commercial-airline-pilot-cv-example/,Career Advice | CV Samples
66,Senior Security Administrator CV Sample,https://resumekraft.com/senior-security-administrator-cv-sample/,Administration Resume Samples | CV Samples
66,Registered Nurse CV Example,https://resumekraft.com/registered-nurse-cv-example/,CV Samples | Healthcare Resume Samples
66,Retail Management CV Sample,https://resumekraft.com/retail-management-cv-sample/,Business Resume Examples | CV Samples
66,Lab Technician CV Example,https://resumekraft.com/lab-technician-cv-example/,CV Samples | Healthcare Resume Samples
66,Chemistry Teacher CV Sample,https://resumekraft.com/chemistry-teacher-cv-sample/,CV Samples | Education Resume Examples
66,Research Scientist CV Example,https://resumekraft.com/research-scientist-cv-example/,CV Samples | Education Resume Examples
66,Scrum Master CV Sample,https://resumekraft.com/scrum-master-cv-sample/,Business Resume Examples | CV Samples
66,Nursing Technician CV Example,https://resumekraft.com/nursing-technician-cv-example/,CV Samples | Healthcare Resume Samples
66,Telco Engineer CV Sample,https://resumekraft.com/telco-engineer-cv-sample/,CV Samples | Engineering Resume Examples
66,Google Cloud Engineer CV Example,https://resumekraft.com/google-cloud-engineer-cv-example/,CV Samples | Engineering Resume Examples
66,Sr. Business Development Executive CV Sample,https://resumekraft.com/sr-business-development-executive-cv-sample/,Business Resume Examples | CV Samples
66,Technical Communication CV Example,https://resumekraft.com/technical-communication-cv-example/,CV Samples | IT Resume Samples
67,Electrical Engineer Technologist CV Sample,https://resumekraft.com/electrical-engineer-technologist-cv-sample/,CV Samples | Engineering Resume Examples
67,QA Architect CV Example,https://resumekraft.com/qa-architect-cv-example/,CV Samples | IT Resume Samples
67,Reservation Agent CV Sample,https://resumekraft.com/reservation-agent-cv-sample/,Administration Resume Samples | CV Samples
67,Regional Training Manager CV Example,https://resumekraft.com/regional-training-manager-cv-example/,Business Resume Examples | CV Samples
67,Pharmaceutical Scientist CV Sample,https://resumekraft.com/pharmaceutical-scientist-cv-sample/,CV Samples | Healthcare Resume Samples
67,Regional Operations CV Example,https://resumekraft.com/regional-operations-cv-example/,Business Resume Examples | CV Samples
67,Business Development CV Sample,https://resumekraft.com/business-development-cv-sample/,Business Resume Examples | CV Samples
67,Photographer & Videographer CV Example,https://resumekraft.com/photographer-videographer-cv-example/,Creative Field Resume Examples | CV Samples
67,Research Assistant CV Sample,https://resumekraft.com/research-assistant-cv-sample/,CV Samples | Education Resume Examples
67,Natural Resource Manager CV Sample,https://resumekraft.com/natural-resource-manager-cv-sample/,Administration Resume Samples | CV Samples
67,Data Scientist CV Example,https://resumekraft.com/data-scientist-cv-example/,CV Samples | IT Resume Samples
67,Senior IT Product Manager CV Sample,https://resumekraft.com/senior-it-product-manager-cv-sample/,CV Samples | IT Resume Samples
68,UX Designer CV Example,https://resumekraft.com/ux-designer-cv-example/,CV Samples | IT Resume Samples
68,Cyber Security Researcher CV Sample,https://resumekraft.com/cyber-security-researcher-cv-sample/,CV Samples | IT Resume Samples
68,Cloud Analyst CV Example,https://resumekraft.com/cloud-analyst-cv-example/,CV Samples | IT Resume Samples
68,Sales and Business Development CV Sample,https://resumekraft.com/sales-and-business-development-cv-sample/,CV Samples | Sales and Marketing Resume Samples
68,Natural Gas Pipeline Engineer CV Example,https://resumekraft.com/natural-gas-pipeline-engineer-cv-example/,CV Samples | Engineering Resume Examples
68,Events and Marketing Manager CV Sample,https://resumekraft.com/events-and-marketing-manager-cv-sample/,CV Samples | Sales and Marketing Resume Samples
68,Phoniatrics Specialist CV Example,https://resumekraft.com/phoniatrics-specialist-cv-example/,CV Samples | Healthcare Resume Samples
68,Public Health Professional CV Example,https://resumekraft.com/public-health-professional-cv-example/,CV Samples | Healthcare Resume Samples
68,Senior Business Consultant CV Sample,https://resumekraft.com/senior-business-consultant-cv-sample/,Business Resume Examples
68,Operation Manager CV Example,https://resumekraft.com/operation-manager-cv-example-2/,Engineering Resume Examples
68,Copywriter CV Sample,https://resumekraft.com/copywriter-cv-sample/,Creative Field Resume Examples | CV Samples | Sales and Marketing Resume Samples
68,Python Developer CV Example,https://resumekraft.com/python-developer-cv-example/,CV Samples | IT Resume Samples
69,Senior Frontend Developer CV Example,https://resumekraft.com/senior-frontend-developer-cv-example/,CV Samples | IT Resume Samples
69,Account Consultant CV Sample,https://resumekraft.com/account-consultant-cv-sample/,Accounting Finance Resume Samples | CV Samples
69,SAP ABAP S4-HANA Consultant CV Sample,https://resumekraft.com/sap-abap-s4-hana-consultant-cv-sample/,CV Samples | IT Resume Samples
69,Desktop Support Technician CV Example,https://resumekraft.com/desktop-support-technician-cv-example/,CV Samples | IT Resume Samples
69,Fashion Stylist CV Sample,https://resumekraft.com/fashion-stylist-cv-sample/,Creative Field Resume Examples | CV Samples
69,Document Handling Clerk CV Example,https://resumekraft.com/document-handling-clerk-cv-example/,Administration Resume Samples | Sales and Marketing Resume Samples
69,Mobile App Developer CV Example,https://resumekraft.com/mobile-app-developer-cv-example/,IT Resume Samples
69,Accounts Executive CV Sample,https://resumekraft.com/accounts-executive-cv-sample-2/,Accounting Finance Resume Samples
69,Biomedical Engineer CV Sample,https://resumekraft.com/biomedical-engineer-cv-sample/,Healthcare Resume Samples
69,Store Manager CV Example,https://resumekraft.com/store-manager-cv-example/,Business Resume Examples
69,Senior Executive- Strategic Marketing CV Sample,https://resumekraft.com/senior-executive-strategic-marketing-cv-sample/,Sales and Marketing Resume Samples
69,Program Coordinator CV Sample,https://resumekraft.com/program-coordinator-cv-sample-2/,Administration Resume Samples | Career Advice
70,Economist CV Example,https://resumekraft.com/economist-cv-example/,Accounting Finance Resume Samples
70,Event Project Manager CV Sample,https://resumekraft.com/event-project-manager-cv-sample/,Administration Resume Samples
70,Customer Service Representative CV Sample,https://resumekraft.com/customer-service-representative-cv-sample-2/,Sales and Marketing Resume Samples
70,Sr Brand Leader CV Sample,https://resumekraft.com/sr-brand-leader-cv-sample/,Business Resume Examples | Sales and Marketing Resume Samples
70,Project Management CV Example,https://resumekraft.com/project-management-cv-example/,IT Resume Samples
70,Platform Specialist CV Sample,https://resumekraft.com/platform-specialist-cv-sample/,Business Resume Examples
70,Web Developer CV Example,https://resumekraft.com/web-developer-cv-example-2/,IT Resume Samples
70,Pharmacist CV Sample,https://resumekraft.com/pharmacist-cv-sample-2/,Healthcare Resume Samples
70,Senior Analyst CV Example,https://resumekraft.com/senior-analyst-cv-example/,Business Resume Examples
70,Academic Administrator CV Sample,https://resumekraft.com/academic-administrator-cv-sample/,Education Resume Examples
70,Restaurant Manager CV Example,https://resumekraft.com/restaurant-manager-cv-example/,Business Resume Examples
70,Public Relations Communication CV Sample,https://resumekraft.com/public-relations-communication-cv-sample/,Sales and Marketing Resume Samples
71,Receptionist CV Example,https://resumekraft.com/receptionist-cv-example/,Sales and Marketing Resume Samples
71,Training Manager CV Sample,https://resumekraft.com/training-manager-cv-sample/,Sales and Marketing Resume Samples
71,Data Specialist CV Example,https://resumekraft.com/data-specialist-cv-example/,IT Resume Samples
71,Senior Software Engineer CV Sample,https://resumekraft.com/senior-software-engineer-cv-sample-3/,IT Resume Samples
71,Communications and Public Relations CV Example,https://resumekraft.com/communications-and-public-relations-cv-example/,Administration Resume Samples
71,StartUp Consultant CV Sample,https://resumekraft.com/startup-consultant-cv-sample/,Business Resume Examples
71,Retail Manager CV Example,https://resumekraft.com/retail-manager-cv-example/,Business Resume Examples
71,Costumer Service Interpreter CV Sample,https://resumekraft.com/costumer-service-interpreter-cv-sample/,Sales and Marketing Resume Samples
71,Media and Communications CV Example,https://resumekraft.com/media-and-communications-cv-example/,Sales and Marketing Resume Samples
71,News Anchor CV Sample,https://resumekraft.com/news-anchor-cv-sample/,Creative Field Resume Examples
71,Industrial Engineer CV Example,https://resumekraft.com/industrial-engineer-cv-example/,Engineering Resume Examples
71,Service Desk Manager CV Sample,https://resumekraft.com/service-desk-manager-cv-sample/,IT Resume Samples
72,Table Games Inspector CV Example,https://resumekraft.com/table-games-inspector-cv-example/,Administration Resume Samples
72,Advertising & Marketing CV Sample,https://resumekraft.com/advertising-marketing-cv-sample/,Business Resume Examples | Sales and Marketing Resume Samples
72,Paramedic CV Example,https://resumekraft.com/paramedic-cv-example/,Healthcare Resume Samples
72,Research and Data Analyst CV Sample,https://resumekraft.com/research-and-data-analyst-cv-sample/,Education Resume Examples
72,Health Safety Environment Officer CV Sample,https://resumekraft.com/health-safety-environment-officer-cv-sample/,Healthcare Resume Samples
72,Customer Service Advisor CV Example,https://resumekraft.com/customer-service-advisor-cv-example/,Sales and Marketing Resume Samples
72,Quality Compliance Auditor CV Sample,https://resumekraft.com/quality-compliance-auditor-cv-sample/,Accounting Finance Resume Samples
72,Content Developer CV Sample,https://resumekraft.com/content-developer-cv-sample/,Creative Field Resume Examples
72,Android Developer CV Example,https://resumekraft.com/android-developer-cv-example/,IT Resume Samples
72,Clinical Pharmacist Student CV Example,https://resumekraft.com/clinical-pharmacist-student-cv-example/,Education Resume Examples | Healthcare Resume Samples
72,Pharmacology CV Sample,https://resumekraft.com/pharmacology-cv-sample/,Healthcare Resume Samples
72,Lab School Teacher CV Example,https://resumekraft.com/lab-school-teacher-cv-example/,Education Resume Examples
73,Research Editor CV Sample,https://resumekraft.com/research-editor-cv-sample/,Education Resume Examples
73,Pharmacy Technician CV Example,https://resumekraft.com/pharmacy-technician-cv-example/,Healthcare Resume Samples
73,WordPress Developer CV Sample,https://resumekraft.com/wordpress-developer-cv-sample/,IT Resume Samples
73,Telecommunications Agent CV Example,https://resumekraft.com/telecommunications-agent-cv-example/,Sales and Marketing Resume Samples
73,Journalism & Mass Communication CV Sample,https://resumekraft.com/journalism-mass-communication-cv-sample/,Administration Resume Samples
73,Banking and Finance Graduate CV Example,https://resumekraft.com/banking-and-finance-graduate-cv-example/,Accounting Finance Resume Samples
73,Corporate Sales & Business Development CV Sample,https://resumekraft.com/corporate-sales-business-development-cv-sample/,Business Resume Examples | Sales and Marketing Resume Samples
73,Fashion Photographer CV Example,https://resumekraft.com/fashion-photographer-cv-example/,Creative Field Resume Examples
73,Solar Project Manager CV Sample,https://resumekraft.com/solar-project-manager-cv-sample/,Engineering Resume Examples
73,UX Product Designer CV Example,https://resumekraft.com/ux-product-designer-cv-example/,IT Resume Samples
73,Pilot CV Example,https://resumekraft.com/pilot-cv-example/,Career Advice | Engineering Resume Examples
73,Site Coordinator CV Sample,https://resumekraft.com/site-coordinator-cv-sample/,Engineering Resume Examples
74,Telesales Executive CV Example,https://resumekraft.com/telesales-executive-cv-example/,Sales and Marketing Resume Samples
74,Social Media Content Creator CV Sample,https://resumekraft.com/social-media-content-creator-cv-sample/,Creative Field Resume Examples
74,Hospitality CV Sample,https://resumekraft.com/hospitality-cv-sample/,Healthcare Resume Samples
74,Senior Cloud Architect CV Example,https://resumekraft.com/senior-cloud-architect-cv-example/,IT Resume Samples
74,Back Office Assistance CV Sample,https://resumekraft.com/back-office-assistance-cv-sample/,Administration Resume Samples
74,IT System Administrator CV Sample,https://resumekraft.com/it-system-administrator-cv-sample/,Engineering Resume Examples
74,Web Developer CV Example,https://resumekraft.com/web-developer-cv-example/,IT Resume Samples
74,Support Customer Service CV Example,https://resumekraft.com/support-customer-service-cv-example/,Sales and Marketing Resume Samples
74,Zone Manager CV Sample,https://resumekraft.com/zone-manager-cv-sample/,Business Resume Examples
74,Microbiological and Chemistry Analyst CV Sample,https://resumekraft.com/microbiological-and-chemistry-analyst-cv-sample/,Healthcare Resume Samples
74,Plant Engineering CV Example,https://resumekraft.com/plant-engineering-cv-example/,Engineering Resume Examples
74,Accessibility Software Engineer CV Sample,https://resumekraft.com/accessibility-software-engineer-cv-sample/,IT Resume Samples
75,Senior Project Manager CV Example,https://resumekraft.com/senior-project-manager-cv-example/,IT Resume Samples
75,Financial Crime Surveillance CV Sample,https://resumekraft.com/financial-crime-surveillance-cv-sample/,Accounting Finance Resume Samples
75,Consultant Architect CV Sample,https://resumekraft.com/consultant-architect-cv-sample/,Engineering Resume Examples
75,Program Coordinator CV Sample,https://resumekraft.com/program-coordinator-cv-sample/,IT Resume Samples
75,Software Systems Developer CV Example,https://resumekraft.com/software-systems-developer-cv-example/,IT Resume Samples
75,Operation Manager CV Example,https://resumekraft.com/operation-manager-cv-example/,Administration Resume Samples
75,Purchasing Staff CV Sample,https://resumekraft.com/purchasing-staff-cv-sample/,Accounting Finance Resume Samples
75,Assistant Manager CV Sample,https://resumekraft.com/assistant-manager-cv-sample/,Accounting Finance Resume Samples
75,Computer Operator CV Sample,https://resumekraft.com/computer-operator-cv-sample/,Sales and Marketing Resume Samples
75,Virtual Administrative Assistant CV Example,https://resumekraft.com/virtual-administrative-assistant-cv-example/,Administration Resume Samples
75,Senior Electrical Engineer CV Sample,https://resumekraft.com/senior-electrical-engineer-cv-sample/,Engineering Resume Examples
75,Tourism & Recreation CV Example,https://resumekraft.com/tourism-recreation-cv-example/,Business Resume Examples
76,Director of Student Services CV Sample,https://resumekraft.com/director-of-student-services-cv-sample/,Education Resume Examples
76,Operational HR Manager CV Example,https://resumekraft.com/operational-hr-manager-cv-example/,Administration Resume Samples
76,School Administrator CV Sample,https://resumekraft.com/school-administrator-cv-sample/,Education Resume Examples
76,Senior Technical Consultant CV Example,https://resumekraft.com/senior-technical-consultant-cv-example/,IT Resume Samples
76,Real Estate Negotiator CV Sample,https://resumekraft.com/real-estate-negotiator-cv-sample/,Administration Resume Samples | Business Resume Examples
76,Senior Project Manager CV Sample,https://resumekraft.com/senior-project-manager-cv/,Administration Resume Samples | Business Resume Examples
76,Software Architect CV Example,https://resumekraft.com/software-architect-cv-example/,IT Resume Samples
76,Consultant Architect Foreign Trade Affairs CV Example,https://resumekraft.com/consultant-architect-foreign-trade-affairs-cv-example/,Business Resume Examples
76,Foreign Trade Affairs CV Sample,https://resumekraft.com/foreign-trade-affairs-cv-sample/,Accounting Finance Resume Samples
76,Program Coordinator CV Example,https://resumekraft.com/program-coordinator-cv-example/,IT Resume Samples
76,Software Systems Developer CV Sample,https://resumekraft.com/software-systems-developer-cv-sample/,IT Resume Samples
76,Purchasing Staff CV Example,https://resumekraft.com/purchasing-staff-cv-example/,Sales and Marketing Resume Samples
77,Operation Manager CV Sample,https://resumekraft.com/operation-manager-cv-sample/,Administration Resume Samples
77,Assistant Manager CV Example,https://resumekraft.com/assistant-manager-cv-example/,Accounting Finance Resume Samples | Business Resume Examples
77,Business Development Assistant CV Sample,https://resumekraft.com/business-development-assistant-cv-sample/,Business Resume Examples
77,Computer Operator CV Example,https://resumekraft.com/computer-operator-cv-example/,Administration Resume Samples | Sales and Marketing Resume Samples
77,Virtual Administrative Assistant CV Sample,https://resumekraft.com/virtual-administrative-assistant-cv-sample/,IT Resume Samples
77,Senior Electrical Engineer CV Example,https://resumekraft.com/senior-electrical-engineer-cv-example/,Engineering Resume Examples
77,Tourism & Recreation CV Sample,https://resumekraft.com/tourism-recreation-cv-sample/,Creative Field Resume Examples
77,Director of Student Services CV Example,https://resumekraft.com/director-of-student-services-cv-example/,Education Resume Examples
77,Lead Expansion Licensing CV Example,https://resumekraft.com/lead-expansion-licensing-cv-example/,Engineering Resume Examples
77,Call Center Customer Service Representative CV Sample,https://resumekraft.com/call-center-customer-service-representative-cv-sample/,Sales and Marketing Resume Samples
77,Certified Scrum Master CV Example,https://resumekraft.com/certified-scrum-master-cv-example/,IT Resume Samples
77,Graduate Electrical Engineer CV Sample,https://resumekraft.com/graduate-electrical-engineer-cv-sample/,Engineering Resume Examples
78,Team Lead – Digital Marketing CV Sample,https://resumekraft.com/team-lead-digital-marketing-cv-sample/,Sales and Marketing Resume Samples
78,Android Developer Intern CV Example,https://resumekraft.com/android-developer-intern-cv-example/,IT Resume Samples
78,Quality Assurance Specialist CV Sample,https://resumekraft.com/quality-assurance-specialist-cv-sample/,IT Resume Samples
78,Counter Clerk CV Example,https://resumekraft.com/counter-clerk-cv-example/,Sales and Marketing Resume Samples
78,Bank Clerk CV Sample,https://resumekraft.com/bank-clerk-cv-sample/,Accounting Finance Resume Samples
78,Financial Data Analyst CV Example,https://resumekraft.com/financial-data-analyst-cv-example/,Accounting Finance Resume Samples
78,Compliance Officer CV Example,https://resumekraft.com/compliance-officer-cv-example/,Accounting Finance Resume Samples
78,Devops Engineer CV Sample,https://resumekraft.com/devops-engineer-cv-sample-2/,IT Resume Samples
78,CPHR Candidate CV Example,https://resumekraft.com/cphr-candidate-cv-example/,Education Resume Examples
78,Senior Land Surveyor CV Sample,https://resumekraft.com/senior-land-surveyor-cv-sample/,Engineering Resume Examples
78,Content Writer CV Example,https://resumekraft.com/content-writer-cv-example/,Creative Field Resume Examples
78,SAP FICO Consultant CV Example,https://resumekraft.com/sap-fico-consultant-cv-example/,IT Resume Samples
79,Accounting Internship CV Sample,https://resumekraft.com/accounting-internship-cv-sample/,Accounting Finance Resume Samples
79,Desktop Publisher CV Example,https://resumekraft.com/desktop-publisher-cv-example/,Administration Resume Samples
79,SAP Basis Administration CV Sample,https://resumekraft.com/sap-basis-administration-cv-sample/,IT Resume Samples
79,Nursing Care Executive CV Example,https://resumekraft.com/nursing-care-executive-cv-example/,Healthcare Resume Samples
79,Shop Floor Assistant CV Sample,https://resumekraft.com/shop-floor-assistant-cv-sample/,Business Resume Examples
79,Licensed Professional Teacher CV Sample,https://resumekraft.com/licensed-professional-teacher-cv-sample/,Education Resume Examples
79,Data Quality Analyst CV Sample,https://resumekraft.com/data-quality-analyst-cv-sample/,IT Resume Samples
79,SOC Analyst CV Example,https://resumekraft.com/soc-analyst-cv-example/,IT Resume Samples
79,Graduate Mechatronic Engineer CV Sample,https://resumekraft.com/graduate-mechatronic-engineer-cv-sample/,Education Resume Examples
79,Physiotherapist CV Sample,https://resumekraft.com/physiotherapist-cv-sample/,Healthcare Resume Samples
79,Communication Specialist CV Example,https://resumekraft.com/communication-specialist-cv-example/,Sales and Marketing Resume Samples
79,Beauty Therapist CV Example,https://resumekraft.com/beauty-therapist-cv-example/,Healthcare Resume Samples
80,Business Development Director CV Sample,https://resumekraft.com/business-development-director-cv-sample/,Business Resume Examples
80,Overseas Education Counselor CV Example,https://resumekraft.com/overseas-education-counselor-cv-example/,Education Resume Examples
80,Cashier CV Sample,https://resumekraft.com/cashier-cv-sample/,Accounting Finance Resume Samples
80,Strategic Partnerships Resume Example,https://resumekraft.com/strategic-partnerships-resume-example/,Business Resume Examples
80,Information Technology Student Resume Example,https://resumekraft.com/information-technology-student-resume-example/,IT Resume Samples
80,Freelance UI Developer Resume Sample,https://resumekraft.com/freelance-ui-developer-resume-sample/,IT Resume Samples
80,Treasury Officer Resume Example,https://resumekraft.com/treasury-officer-resume-example/,Accounting Finance Resume Samples
80,Administrative Service Officer Resume Sample,https://resumekraft.com/administrative-service-officer-resume-sample/,Administration Resume Samples
80,Trade Marketing Manager Resume Example,https://resumekraft.com/trade-marketing-manager-resume-example-4/,Accounting Finance Resume Samples
80,Teacher Resume Sample,https://resumekraft.com/teacher-resume-sample/,Education Resume Examples
80,Mobile App Developer Resume Example,https://resumekraft.com/mobile-app-developer-resume-example-2/,IT Resume Samples
80,Senior Human Resource Resume Sample,https://resumekraft.com/senior-human-resource-resume-sample/,Administration Resume Samples
81,Registered Nurse CV Example,https://resumekraft.com/registered-nurse-cv-example-2/,Healthcare Resume Samples
81,Agribusiness Expert Resume Sample,https://resumekraft.com/agribusiness-expert-resume-sample/,Business Resume Examples
81,Senior Sales Coordinator Resume Example,https://resumekraft.com/senior-sales-coordinator-resume-example/,Sales and Marketing Resume Samples
81,Social Media Advertiser Resume Example,https://resumekraft.com/social-media-advertiser-resume-example/,Sales and Marketing Resume Samples
81,Sr. Digital Executive Resume Sample,https://resumekraft.com/sr-digital-executive-resume-sample/,Business Resume Examples
81,Team Lead Full Stack Developer Resume Example,https://resumekraft.com/team-lead-full-stack-developer-resume-example/,IT Resume Samples
81,Sales and Marketing Director Resume Sample,https://resumekraft.com/sales-and-marketing-director-resume-sample/,Sales and Marketing Resume Samples
81,Nutritionist Doctor Resume Example,https://resumekraft.com/nutritionist-doctor-resume-example/,Education Resume Examples
81,Logistics Officer Resume Sample,https://resumekraft.com/logistics-officer-resume-sample/,Administration Resume Samples
81,University Student Resume Example,https://resumekraft.com/university-student-resume-example-2/,Education Resume Examples
81,Physical Education Teacher Resume Sample,https://resumekraft.com/physical-education-teacher-resume-sample/,Education Resume Examples
81,Application Engineer Resume Sample,https://resumekraft.com/application-engineer-resume-sample-2/,Engineering Resume Examples
82,Junior Doctor Resume Example,https://resumekraft.com/junior-doctor-resume-example/,Healthcare Resume Samples
82,Senior Supplier Manager Resume Sample,https://resumekraft.com/senior-supplier-manager-resume-sample/,Business Resume Examples
82,Staff Grade Anesthetist Resume Example,https://resumekraft.com/staff-grade-anesthetist-resume-example/,Healthcare Resume Samples
82,Customer Service Representative Resume Example,https://resumekraft.com/customer-service-representative-resume-example-2/,Sales and Marketing Resume Samples
82,Environmental Health Officer Resume Sample,https://resumekraft.com/environmental-health-officer-resume-sample/,Healthcare Resume Samples
82,Senior Project Manager Resume Sample,https://resumekraft.com/senior-project-manager-resume-sample-4/,IT Resume Samples
82,Software QA Engineer Resume Example,https://resumekraft.com/software-qa-engineer-resume-example/,IT Resume Samples
82,Training Coordinator Resume Example,https://resumekraft.com/training-coordinator-resume-example/,Education Resume Examples
82,Benefits Navigator Resume Example,https://resumekraft.com/benefits-navigator-resume-example/,Accounting Finance Resume Samples
82,Electronics Engineer Resume Sample,https://resumekraft.com/electronics-engineer-resume-sample/,Engineering Resume Examples
82,Marketing Science Resume Sample,https://resumekraft.com/marketing-science-resume-sample/,Sales and Marketing Resume Samples
82,Environment Engineering Resume Example,https://resumekraft.com/environment-engineering-resume-example/,Engineering Resume Examples
83,Brand Marketing Resume Example,https://resumekraft.com/brand-marketing-resume-example/,Sales and Marketing Resume Samples
83,Tax Consultant Resume Sample,https://resumekraft.com/tax-consultant-resume-sample/,Accounting Finance Resume Samples
83,Enterprise Architect Resume Example,https://resumekraft.com/enterprise-architect-resume-example/,IT Resume Samples
83,Accounting Clerk Resume Sample,https://resumekraft.com/accounting-clerk-resume-sample/,Accounting Finance Resume Samples
83,French Teacher Resume Example,https://resumekraft.com/french-teacher-resume-example/,Education Resume Examples
83,English Language Teacher Resume Sample,https://resumekraft.com/english-language-teacher-resume-sample-2/,Education Resume Examples
83,Cabin Crew Resume Example,https://resumekraft.com/cabin-crew-resume-example/,Administration Resume Samples
83,Freelance Copywriter Resume Sample,https://resumekraft.com/freelance-copywriter-resume-sample/,Sales and Marketing Resume Samples
83,AWS Cloud Engineer Resume Example,https://resumekraft.com/aws-cloud-engineer-resume-example/,IT Resume Samples
83,Research Assistant Resume Sample,https://resumekraft.com/research-assistant-resume-sample/,Creative Field Resume Examples | Education Resume Examples
83,Sales Management Resume Example,https://resumekraft.com/sales-management-resume-example/,Sales and Marketing Resume Samples
83,Senior Full-Stack Developer Resume Sample,https://resumekraft.com/senior-full-stack-developer-resume-sample/,IT Resume Samples
84,Senior Claims Manager Resume Example,https://resumekraft.com/senior-claims-manager-resume-example/,Accounting Finance Resume Samples
84,HVAC Technician Resume Sample,https://resumekraft.com/hvac-technician-resume-sample/,Engineering Resume Examples
84,Dental Office Manager Resume Example,https://resumekraft.com/dental-office-manager-resume-example/,Healthcare Resume Samples
84,Quality Assurance Engineer Resume Sample,https://resumekraft.com/quality-assurance-engineer-resume-sample/,IT Resume Samples
84,Sports Scheduler Resume Sample,https://resumekraft.com/sports-scheduler-resume-sample/,Administration Resume Samples
84,Medical Receptionist Resume Example,https://resumekraft.com/medical-receptionist-resume-example/,Healthcare Resume Samples
84,Assistant Store Manager Resume Sample,https://resumekraft.com/assistant-store-manager-resume-sample-2/,Business Resume Examples
84,Android Developer Resume Example,https://resumekraft.com/android-developer-resume-example-2/,IT Resume Samples
84,Fashion Student Resume Sample,https://resumekraft.com/fashion-student-resume-sample/,Creative Field Resume Examples
84,Front End Engineer Resume Sample,https://resumekraft.com/front-end-engineer-resume-sample-2/,IT Resume Samples
84,Dental Nurse Resume Example,https://resumekraft.com/dental-nurse-resume-example-2/,Healthcare Resume Samples
84,Cyber Security Sales Engineer Resume Sample,https://resumekraft.com/cyber-security-sales-engineer-resume-sample/,IT Resume Samples
85,Mathematics Teacher Resume Sample,https://resumekraft.com/mathematics-teacher-resume-sample-2/,Education Resume Examples
85,Graphic Designer Resume Example,https://resumekraft.com/graphic-designer-resume-example/,Creative Field Resume Examples
85,Tableau Server Administrator Resume Sample,https://resumekraft.com/tableau-server-administrator-resume-sample-2/,IT Resume Samples
85,Beautician Sample Example,https://resumekraft.com/beautician-sample-example/,Creative Field Resume Examples
85,International Business Specialist Resume Sample,https://resumekraft.com/international-business-specialist-resume-sample-2/,Business Resume Examples
85,Trade Marketing Manager Resume Example,https://resumekraft.com/trade-marketing-manager-resume-example-3/,Sales and Marketing Resume Samples
85,Embedded system Developer Resume Sample,https://resumekraft.com/embedded-system-developer-resume-sample-2/,Engineering Resume Examples | IT Resume Samples
85,JavaScript Junior Developer Resume Example,https://resumekraft.com/javascript-junior-developer-resume-example/,IT Resume Samples
85,Tourism Consultant Resume Example,https://resumekraft.com/tourism-consultant-resume-example/,Administration Resume Samples | Sales and Marketing Resume Samples
85,Content Creation Team Leader Resume Sample,https://resumekraft.com/content-creation-team-leader-resume-sample/,Creative Field Resume Examples
85,Senior General ledger Accountant Resume Sample,https://resumekraft.com/senior-general-ledger-accountant-resume-sample/,Accounting Finance Resume Samples
85,General English Teacher Resume Example,https://resumekraft.com/general-english-teacher-resume-example/,Education Resume Examples
86,Salesforce Technical Consultant Resume Sample,https://resumekraft.com/salesforce-technical-consultant-resume-sample/,IT Resume Samples
86,IT Delivery Manager Resume Example,https://resumekraft.com/it-delivery-manager-resume-example/,IT Resume Samples
86,Art Teacher Resume Sample,https://resumekraft.com/art-teacher-resume-sample-2/,Creative Field Resume Examples
86,PharmD Intern Resume Example,https://resumekraft.com/pharmd-intern-resume-example/,Education Resume Examples
86,Science in Biology Graduate Resume Sample,https://resumekraft.com/science-in-biology-graduate-resume-sample/,Education Resume Examples
86,Research Assistant Resume Example,https://resumekraft.com/research-assistant-resume-example/,Creative Field Resume Examples | Education Resume Examples
86,Interior Designer Resume Sample,https://resumekraft.com/interior-designer-resume-sample-2/,Creative Field Resume Examples
86,Communication Specialist Resume Example,https://resumekraft.com/communication-specialist-resume-example/,Sales and Marketing Resume Samples
86,Guidewire Developer Resume Example,https://resumekraft.com/guidewire-developer-resume-example/,IT Resume Samples
86,Operation Manager Resume Sample,https://resumekraft.com/operation-manager-resume-sample-2/,Administration Resume Samples
86,Environmental Scientist Resume Sample,https://resumekraft.com/environmental-scientist-resume-sample/,Creative Field Resume Examples
86,Solid Stream Lead Resume Example,https://resumekraft.com/solid-stream-lead-resume-example/,Engineering Resume Examples
87,International Sales and Marketing Resume Sample,https://resumekraft.com/international-sales-and-marketing-resume-sample/,Sales and Marketing Resume Samples
87,Respiratory Therapist Resume Example,https://resumekraft.com/respiratory-therapist-resume-example/,Healthcare Resume Samples
87,Sports Manager Resume Sample,https://resumekraft.com/sports-manager-resume-sample/,Administration Resume Samples
87,Area Sales Manager Resume Example,https://resumekraft.com/area-sales-manager-resume-example/,Sales and Marketing Resume Samples
87,Welders Helper Resume Sample,https://resumekraft.com/welders-helper-resume-sample/,Engineering Resume Examples
87,University Student Resume Example,https://resumekraft.com/university-student-resume-example/,Education Resume Examples
87,Senior DevOps Engineer Resume Example,https://resumekraft.com/senior-devops-engineer-resume-example-2/,IT Resume Samples
87,Preschool ESL Teacher Resume Sample,https://resumekraft.com/preschool-esl-teacher-resume-sample/,Education Resume Examples
87,Clinical Laboratory Specialist Resume Sample,https://resumekraft.com/clinical-laboratory-specialist-resume-sample/,Healthcare Resume Samples
87,Expert Human Resources Recruiting Resume Sample,https://resumekraft.com/expert-human-resources-recruiting-resume-sample/,Administration Resume Samples
87,Customer Support Engineer Resume Example,https://resumekraft.com/customer-support-engineer-resume-example/,Sales and Marketing Resume Samples
87,Telecommunications Professional Resume Sample,https://resumekraft.com/telecommunications-professional-resume-sample/,Sales and Marketing Resume Samples
88,Registered Librarian Resume Sample,https://resumekraft.com/registered-librarian-resume-sample/,Education Resume Examples
88,Python Developer Resume Example,https://resumekraft.com/python-developer-resume-example/,IT Resume Samples
88,Certified SAP Consultant Resume Example,https://resumekraft.com/certified-sap-consultant-resume-example/,IT Resume Samples
88,Project Management Specialist Resume Example,https://resumekraft.com/project-management-specialist-resume-example/,IT Resume Samples
88,Care Expert Resume Sample,https://resumekraft.com/care-expert-resume-sample/,Career Advice
88,Overseas Trip Coordinator Resume Example,https://resumekraft.com/overseas-trip-coordinator-resume-example/,Career Advice
88,Sr Data Analyst Resume Sample,https://resumekraft.com/sr-data-analyst-resume-sample/,IT Resume Samples
88,Payroll Specialist Resume Example,https://resumekraft.com/payroll-specialist-resume-example-2/,Accounting Finance Resume Samples
88,Freelance Translator Resume Sample,https://resumekraft.com/freelance-translator-resume-sample/,Business Resume Examples
88,Office Boy Assistant Resume Example,https://resumekraft.com/office-boy-assistant-resume-example/,Administration Resume Samples
88,International Physical Commodity Trader Resume Example,https://resumekraft.com/international-physical-commodity-trader-resume-example/,Accounting Finance Resume Samples
88,English Tutor Resume Sample,https://resumekraft.com/english-tutor-resume-sample/,Education Resume Examples
89,Field Service Engineer Resume Example,https://resumekraft.com/field-service-engineer-resume-example-2/,Engineering Resume Examples
89,Assistance Teacher Resume Sample,https://resumekraft.com/assistance-teacher-resume-sample/,Education Resume Examples
89,Technical Architect Resume Example,https://resumekraft.com/technical-architect-resume-example/,IT Resume Samples
89,Jewelry Specialist Resume Example,https://resumekraft.com/jewelry-specialist-resume-example/,Creative Field Resume Examples
89,Plastic & Polymer Engineer Resume Sample,https://resumekraft.com/plastic-polymer-engineer-resume-sample/,Engineering Resume Examples
89,Sky Cargo Porter Resume Example,https://resumekraft.com/sky-cargo-porter-resume-example/,Administration Resume Samples
89,Printer Support Officer Resume Sample,https://resumekraft.com/printer-support-officer-resume-sample/,Accounting Finance Resume Samples
89,Head of Customer Service Resume Example,https://resumekraft.com/head-of-customer-service-resume-example/,Sales and Marketing Resume Samples
89,Risk Manager Resume Sample,https://resumekraft.com/risk-manager-resume-sample-2/,Business Resume Examples
89,Global Senior Marketer Resume Example,https://resumekraft.com/global-senior-marketer-resume-example/,Sales and Marketing Resume Samples
89,Support Specialist Resume Sample,https://resumekraft.com/support-specialist-resume-sample/,Administration Resume Samples
89,Registered Nurse Resume Example,https://resumekraft.com/registered-nurse-resume-example-3/,Healthcare Resume Samples
90,Digital Marketing Associate Resume Sample,https://resumekraft.com/digital-marketing-associate-resume-sample/,Sales and Marketing Resume Samples
90,Primary School Teacher Resume Example,https://resumekraft.com/primary-school-teacher-resume-example-2/,Education Resume Examples
90,Crafts Teacher Resume Sample,https://resumekraft.com/crafts-teacher-resume-sample/,Education Resume Examples
90,IT Helpdesk Operations Resume Sample,https://resumekraft.com/it-helpdesk-operations-resume-sample/,IT Resume Samples
90,Business Growth Resume Example,https://resumekraft.com/business-growth-resume-example/,Business Resume Examples
90,Junior iOS Developer Resume Sample,https://resumekraft.com/junior-ios-developer-resume-sample/,IT Resume Samples
90,Hair Transplantation Assistant Resume Example,https://resumekraft.com/hair-transplantation-assistant-resume-example/,Healthcare Resume Samples
90,Renewable Energy Engineer Resume Example,https://resumekraft.com/renewable-energy-engineer-resume-example/,Engineering Resume Examples
90,Clinical Dietitian Resume Sample,https://resumekraft.com/clinical-dietitian-resume-sample/,Healthcare Resume Samples
90,Middle School Science Teacher Resume Sample,https://resumekraft.com/middle-school-science-teacher-resume-sample/,Education Resume Examples
90,Sr. Business Development Specialist Resume Example,https://resumekraft.com/sr-business-development-specialist-resume-example/,Business Resume Examples
90,Materials and Nanotechnology Engineer Resume Sample,https://resumekraft.com/materials-and-nanotechnology-engineer-resume-sample/,Engineering Resume Examples
91,Graduate Mechanical Engineer Resume Sample,https://resumekraft.com/graduate-mechanical-engineer-resume-sample/,Education Resume Examples | Engineering Resume Examples
91,Librarian Resume Example,https://resumekraft.com/librarian-resume-example-2/,Education Resume Examples
91,Dispatch Handler Resume Sample,https://resumekraft.com/dispatch-handler-resume-sample/,Administration Resume Samples
91,Post Service Engineer Resume Example,https://resumekraft.com/post-service-engineer-resume-example/,Engineering Resume Examples
91,Project Engineer Resume Sample,https://resumekraft.com/project-engineer-resume-sample/,IT Resume Samples
91,Spatial Data Specialist Resume Example,https://resumekraft.com/spatial-data-specialist-resume-example/,Administration Resume Samples | Business Resume Examples
91,Social Science Teacher Resume Sample,https://resumekraft.com/social-science-teacher-resume-sample/,Education Resume Examples
91,Production Support Engineer Resume Sample,https://resumekraft.com/production-support-engineer-resume-sample/,Engineering Resume Examples
91,Trade Finance Officer Resume Example,https://resumekraft.com/trade-finance-officer-resume-example/,Accounting Finance Resume Samples
91,Generalist Resume Example,https://resumekraft.com/generalist-resume-example/,Creative Field Resume Examples
91,Financial Functional Consultant Resume Sample,https://resumekraft.com/financial-functional-consultant-resume-sample/,Accounting Finance Resume Samples
91,Construction Engineering Resume Example,https://resumekraft.com/construction-engineering-resume-example/,Engineering Resume Examples
92,Client Care Executive Resume Sample,https://resumekraft.com/client-care-executive-resume-sample/,Business Resume Examples
92,Call Center Agent Resume Example,https://resumekraft.com/call-center-agent-resume-example/,Sales and Marketing Resume Samples
92,Warehouse Personnel F&B Service Resume Sample,https://resumekraft.com/warehouse-personnel-fb-service-resume-sample/,Administration Resume Samples
92,Medical Doctor Resume Sample,https://resumekraft.com/medical-doctor-resume-sample-2/,Healthcare Resume Samples
92,Product Marketing Strategist Resume Example,https://resumekraft.com/product-marketing-strategist-resume-example/,Sales and Marketing Resume Samples
92,Salesforce Developer Resume Example,https://resumekraft.com/salesforce-developer-resume-example/,IT Resume Samples
92,Account Development Executive Resume Sample,https://resumekraft.com/account-development-executive-resume-sample/,Accounting Finance Resume Samples
92,Business Process Associate Resume Example,https://resumekraft.com/business-process-associate-resume-example/,Administration Resume Samples
92,Customer Relations Head Resume Sample,https://resumekraft.com/customer-relations-head-resume-sample/,Sales and Marketing Resume Samples
92,Senior Risk Governance Resume Sample,https://resumekraft.com/senior-risk-governance-resume-sample/,Accounting Finance Resume Samples | Healthcare Resume Samples
92,Software QA Tester Resume Example,https://resumekraft.com/software-qa-tester-resume-example/,IT Resume Samples
92,Elementary Teacher Resume Sample,https://resumekraft.com/elementary-teacher-resume-sample/,Education Resume Examples
93,Quantitative Trader Resume Example,https://resumekraft.com/quantitative-trader-resume-example/,Accounting Finance Resume Samples
93,NOC Engineer Resume Sample,https://resumekraft.com/noc-engineer-resume-sample/,Engineering Resume Examples
93,Embedded Engineer Resume Example,https://resumekraft.com/embedded-engineer-resume-example/,Engineering Resume Examples
93,Professional Teacher Resume Example,https://resumekraft.com/professional-teacher-resume-example/,Education Resume Examples
93,Support and Operations Executive Resume Example,https://resumekraft.com/support-and-operations-executive-resume-example/,Business Resume Examples
93,Back-End Developer Resume Sample,https://resumekraft.com/back-end-developer-resume-sample/,IT Resume Samples
93,Assistant Operations Manager Resume Sample,https://resumekraft.com/assistant-operations-manager-resume-sample/,Administration Resume Samples
93,Data Science Intern Resume Example,https://resumekraft.com/data-science-intern-resume-example/,IT Resume Samples
93,Pre-Primary Teacher Resume Example,https://resumekraft.com/pre-primary-teacher-resume-example-2/,Education Resume Examples
93,Data Engineer Resume Sample,https://resumekraft.com/data-engineer-resume-sample/,Engineering Resume Examples
93,Associate Professional Software Engineer Resume Example,https://resumekraft.com/associate-professional-software-engineer-resume-example/,IT Resume Samples
93,Naval Architect Resume Sample,https://resumekraft.com/naval-architect-resume-sample/,Engineering Resume Examples
94,Fresh Graduate Resume Example,https://resumekraft.com/fresh-graduate-resume-example/,Career Advice | IT Resume Samples
94,Engineer of Automation Resume Sample,https://resumekraft.com/engineer-of-automation-resume-sample/,IT Resume Samples
94,Pre-Primary Teacher Resume Example,https://resumekraft.com/pre-primary-teacher-resume-example/,Education Resume Examples
94,Internal Control Officer Resume Example,https://resumekraft.com/internal-control-officer-resume-example/,Accounting Finance Resume Samples
94,Senior Product Executive Resume Sample,https://resumekraft.com/senior-product-executive-resume-sample/,Sales and Marketing Resume Samples
94,Techno Commercial Resume Example,https://resumekraft.com/techno-commercial-resume-example/,Sales and Marketing Resume Samples
94,Senior Information Security Analyst Resume Example,https://resumekraft.com/senior-information-security-analyst-resume-example/,IT Resume Samples
94,ITSM Process Consultant Resume Sample,https://resumekraft.com/itsm-process-consultant-resume-sample/,IT Resume Samples
94,Intern Fullstack Developer Resume Sample,https://resumekraft.com/intern-fullstack-developer-resume-sample/,IT Resume Samples
94,Insurance Professional Resume Example,https://resumekraft.com/insurance-professional-resume-example/,Accounting Finance Resume Samples
94,IELTS Trainer Resume Sample,https://resumekraft.com/ielts-trainer-resume-sample/,Education Resume Examples
94,Service Delivery Manager Resume Sample,https://resumekraft.com/service-delivery-manager-resume-sample/,IT Resume Samples
95,Senior Banking Professional Resume Sample,https://resumekraft.com/senior-banking-professional-resume-sample/,Accounting Finance Resume Samples
95,Administrative Support Resume Sample,https://resumekraft.com/administrative-support-resume-sample/,Administration Resume Samples
95,Lending Professional Resume Example,https://resumekraft.com/lending-professional-resume-example-2/,Accounting Finance Resume Samples
95,Desktop Support Technician Resume Example,https://resumekraft.com/desktop-support-technician-resume-example/,Engineering Resume Examples
95,Senior Test Engineer Resume Example,https://resumekraft.com/senior-test-engineer-resume-example/,IT Resume Samples
95,Senior Architect Resume Sample,https://resumekraft.com/senior-architect-resume-sample/,IT Resume Samples
95,Recruiter Resume Sample,https://resumekraft.com/recruiter-resume-sample/,Sales and Marketing Resume Samples
95,Market analyst Resume Example,https://resumekraft.com/market-analyst-resume-example/,Sales and Marketing Resume Samples
95,Network Security Engineer Resume Sample,https://resumekraft.com/network-security-engineer-resume-sample/,Engineering Resume Examples
95,Computer Maintenance Technologist Resume Example,https://resumekraft.com/computer-maintenance-technologist-resume-example/,IT Resume Samples
95,Cloud Analyst Resume Sample,https://resumekraft.com/cloud-analyst-resume-sample/,IT Resume Samples
95,Senior Administration Assistant Resume Example,https://resumekraft.com/senior-administration-assistant-resume-example/,Administration Resume Samples
96,Java Developer Resume Sample,https://resumekraft.com/java-developer-resume-sample-3/,IT Resume Samples
96,Certified Quality Manager Resume Example,https://resumekraft.com/certified-quality-manager-resume-example/,IT Resume Samples
96,Food Technologist Resume Sample,https://resumekraft.com/food-technologist-resume-sample-2/,Creative Field Resume Examples
96,Senior Human Resource Professional Resume Example,https://resumekraft.com/senior-human-resource-professional-resume-example/,Administration Resume Samples
96,Technology Analyst Resume Sample,https://resumekraft.com/technology-analyst-resume-sample/,IT Resume Samples
96,Software Development Manager Resume Example,https://resumekraft.com/software-development-manager-resume-example-2/,IT Resume Samples
96,SAP UI5 Fiori Consultant Resume Sample,https://resumekraft.com/sap-ui5-fiori-consultant-resume-sample-2/,IT Resume Samples
96,Travel Designer Resume Example,https://resumekraft.com/travel-designer-resume-example/,Career Advice
96,Sr. Full Stack Developer Resume Example,https://resumekraft.com/sr-full-stack-developer-resume-example/,IT Resume Samples
96,SOX Compliance Specialist Resume Sample,https://resumekraft.com/sox-compliance-specialist-resume-sample/,Accounting Finance Resume Samples | Business Resume Examples
96,Talent Acquisition Specialist Resume Example,https://resumekraft.com/talent-acquisition-specialist-resume-example/,Administration Resume Samples
96,Sales Supervisor Resume Sample,https://resumekraft.com/sales-supervisor-resume-sample-2/,Sales and Marketing Resume Samples
97,Azure Cloud Engineer Resume Example,https://resumekraft.com/azure-cloud-engineer-resume-example/,IT Resume Samples
97,Cyber Security Analyst Resume Sample,https://resumekraft.com/cyber-security-analyst-resume-sample/,IT Resume Samples
97,Sr lead QA Engineer Resume Example,https://resumekraft.com/sr-lead-qa-engineer-resume-example/,IT Resume Samples
97,Lead Database Developer Resume Sample,https://resumekraft.com/lead-database-developer-resume-sample/,IT Resume Samples
97,Robust Engineering Resume Sample,https://resumekraft.com/robust-engineering-resume-sample/,Engineering Resume Examples
97,Customer Success Resume Example,https://resumekraft.com/customer-success-resume-example/,Accounting Finance Resume Samples
97,Community Content Specialist Resume Example,https://resumekraft.com/community-content-specialist-resume-example/,Creative Field Resume Examples
97,Senior EPM Consultant Resume Example,https://resumekraft.com/senior-epm-consultant-resume-example/,IT Resume Samples
97,D365 Technical Intern Resume Sample,https://resumekraft.com/d365-technical-intern-resume-sample/,IT Resume Samples
97,IT Sales Executive Resume Example,https://resumekraft.com/it-sales-executive-resume-example/,IT Resume Samples | Sales and Marketing Resume Samples
97,Human Resource Specialist Resume Sample,https://resumekraft.com/human-resource-specialist-resume-sample/,Administration Resume Samples
97,Teacher Online Coding Instructor Resume Sample,https://resumekraft.com/teacher-online-coding-instructor-resume-sample/,Education Resume Examples
98,Logistics Coordinator Resume Sample,https://resumekraft.com/logistics-coordinator-resume-sample/,Administration Resume Samples | Sales and Marketing Resume Samples
98,Dance instructor Resume Example,https://resumekraft.com/dance-instructor-resume-example/,Career Advice | Creative Field Resume Examples
98,Billing Executive Resume Example,https://resumekraft.com/billing-executive-resume-example/,Accounting Finance Resume Samples
98,F&B Manager Resume Sample,https://resumekraft.com/fb-manager-resume-sample/,Creative Field Resume Examples
98,Software Quality Assurance Resume Example,https://resumekraft.com/software-quality-assurance-resume-example/,IT Resume Samples
98,Software Test Engineer Resume Sample,https://resumekraft.com/software-test-engineer-resume-sample/,IT Resume Samples
98,BCA Fresher Resume Example,https://resumekraft.com/bca-fresher-resume-example/,Education Resume Examples
98,Event Organizer Resume Example,https://resumekraft.com/event-organizer-resume-example/,Creative Field Resume Examples
98,Senior Executive Stores Resume Sample,https://resumekraft.com/senior-executive-stores-resume-sample/,Business Resume Examples
98,Farm Worker Resume Sample,https://resumekraft.com/farm-worker-resume-sample/,Creative Field Resume Examples
98,Artificial Intelligence Engineer Resume Sample,https://resumekraft.com/artificial-intelligence-engineer-resume-sample/,IT Resume Samples
98,Senior DevOps Engineer Resume Example,https://resumekraft.com/senior-devops-engineer-resume-example/,IT Resume Samples
99,Credit Risk Analyst Resume Example,https://resumekraft.com/credit-risk-analyst-resume-example/,Accounting Finance Resume Samples
99,Content Support Executive Resume Sample,https://resumekraft.com/content-support-executive-resume-sample/,Creative Field Resume Examples
99,Emergency Communications Professional Resume Sample,https://resumekraft.com/emergency-communications-professional-resume-sample/,Administration Resume Samples
99,IT systems Manager Resume Example,https://resumekraft.com/it-systems-manager-resume-example/,IT Resume Samples
99,Contact Center Executive Resume Example,https://resumekraft.com/contact-center-executive-resume-example/,Sales and Marketing Resume Samples
99,Personal Banker Resume Sample,https://resumekraft.com/personal-banker-resume-sample/,Accounting Finance Resume Samples
99,Primary Teacher Resume Sample,https://resumekraft.com/primary-teacher-resume-sample-2/,Education Resume Examples
99,Senior Android Developer Resume Example,https://resumekraft.com/senior-android-developer-resume-example/,IT Resume Samples
99,Educator Resume Sample,https://resumekraft.com/educator-resume-sample/,Education Resume Examples
99,VFX Artist Resume Example,https://resumekraft.com/vfx-artist-resume-example/,Creative Field Resume Examples
99,Web Developer Intern Resume Sample,https://resumekraft.com/web-developer-intern-resume-sample/,IT Resume Samples
99,Angular Developer Resume Sample,https://resumekraft.com/angular-developer-resume-sample/,IT Resume Samples
100,F&B Service Resume Example,https://resumekraft.com/fb-service-resume-example/,Creative Field Resume Examples
100,AD Operations Executive Resume Sample,https://resumekraft.com/ad-operations-executive-resume-sample/,Creative Field Resume Examples
100,Territory Sales Manager Resume Sample,https://resumekraft.com/territory-sales-manager-resume-sample/,Sales and Marketing Resume Samples
100,HR Advisor Resume Example,https://resumekraft.com/hr-advisor-resume-example/,Administration Resume Samples
100,Agriculture Manager Resume Example,https://resumekraft.com/agriculture-manager-resume-example/,Creative Field Resume Examples
100,Senior Ab Initio Developer Resume Sample,https://resumekraft.com/senior-ab-initio-developer-resume-sample/,IT Resume Samples
100,Senior Sales Manager Resume Sample,https://resumekraft.com/senior-sales-manager-resume-sample/,Sales and Marketing Resume Samples
100,Electronic Data Interchange Resume Sample,https://resumekraft.com/electronic-data-interchange-resume-sample/,Engineering Resume Examples
100,Python Script Developer Resume Example,https://resumekraft.com/python-script-developer-resume-example/,IT Resume Samples
100,Management Information System Manager Resume Sample,https://resumekraft.com/management-information-system-manager-resume-sample/,Administration Resume Samples
100,Lab Analyst Resume Sample,https://resumekraft.com/lab-analyst-resume-sample/,Healthcare Resume Samples
100,911 Operations Manager Resume Sample,https://resumekraft.com/911-operations-manager-resume-sample/,Administration Resume Samples
101,Director of Operations and Sales Resume Example,https://resumekraft.com/director-of-operations-and-sales-resume-example/,Sales and Marketing Resume Samples
101,Sr Electrical Engineer Resume Example,https://resumekraft.com/sr-electrical-engineer-resume-example-2/,Engineering Resume Examples
101,Senior AR Caller Resume Sample,https://resumekraft.com/senior-ar-caller-resume-sample/,Sales and Marketing Resume Samples
101,Automation Test Engineer Resume Sample,https://resumekraft.com/automation-test-engineer-resume-sample/,IT Resume Samples
101,Assistant Production Supervisor Resume Example,https://resumekraft.com/assistant-production-supervisor-resume-example/,Administration Resume Samples
101,MSBI Developer Resume Example,https://resumekraft.com/msbi-developer-resume-example/,IT Resume Samples
101,Embedded Software Engineer Resume Example,https://resumekraft.com/embedded-software-engineer-resume-example/,Engineering Resume Examples | IT Resume Samples
101,QA Lead Resume Sample,https://resumekraft.com/qa-lead-resume-sample/,IT Resume Samples
101,Jr Technical Support Engineer Resume Example,https://resumekraft.com/jr-technical-support-engineer-resume-example/,Engineering Resume Examples
101,Solar Design Engineer Resume Sample,https://resumekraft.com/solar-design-engineer-resume-sample/,Engineering Resume Examples
101,Production Engineer Resume Sample,https://resumekraft.com/production-engineer-resume-sample/,Engineering Resume Examples
101,Trust and Safety Analyst Resume Example,https://resumekraft.com/trust-and-safety-analyst-resume-example/,Administration Resume Samples
102,Talent Acquisition Partner Resume Example,https://resumekraft.com/talent-acquisition-partner-resume-example/,Administration Resume Samples
102,Django Developer Resume Example,https://resumekraft.com/django-developer-resume-example/,IT Resume Samples
102,IT System Administrator Resume Sample,https://resumekraft.com/it-system-administrator-resume-sample-2/,Administration Resume Samples
102,Salesforce Administrator Resume Sample,https://resumekraft.com/salesforce-administrator-resume-sample/,IT Resume Samples
102,Lead System Engineering Resume Sample,https://resumekraft.com/lead-system-engineering-resume-sample/,Engineering Resume Examples
102,Cricket Coach Resume Example,https://resumekraft.com/cricket-coach-resume-example/,Career Advice
102,Hair stylist Resume Example,https://resumekraft.com/electrical-engineer-resume-example/,Creative Field Resume Examples
102,Maintenance Engineer Coordinator Resume Sample,https://resumekraft.com/maintenance-engineer-coordinator-resume-sample/,Engineering Resume Examples
102,Software Engineer Resume Example,https://resumekraft.com/software-engineer-resume-example-2/,IT Resume Samples
102,Personal Office Assistant Resume Example,https://resumekraft.com/personal-office-assistant-resume-example/,Administration Resume Samples
102,PhD Scholar Resume Sample,https://resumekraft.com/phd-scholar-resume-sample/,Education Resume Examples
102,Talent Acquisition Executive Resume Example,https://resumekraft.com/talent-acquisition-executive-resume-example/,Administration Resume Samples
103,Video Editor Resume Sample,https://resumekraft.com/video-editor-resume-sample/,Creative Field Resume Examples
103,Lending Professional Resume Example,https://resumekraft.com/lending-professional-resume-example/,Accounting Finance Resume Samples
103,Quality assurance engineer Resume Example,https://resumekraft.com/quality-assurance-engineer-resume-example-2/,IT Resume Samples
103,Client Management Resume Sample,https://resumekraft.com/client-management-resume-sample/,Administration Resume Samples
103,Occupational Health & Safety Resume Sample,https://resumekraft.com/occupational-health-and-safety-resume-sample/,Healthcare Resume Samples
103,Store Officer Resume Sample,https://resumekraft.com/store-officer-resume-sample/,Business Resume Examples
103,Assistant Manager – Operations Resume Example,https://resumekraft.com/assistant-manager-operations-resume-example/,Administration Resume Samples
103,IELTS Instructor Resume Example,https://resumekraft.com/ielts-instructor-resume-example/,Education Resume Examples
103,Desktop Engineer Resume Example,https://resumekraft.com/desktop-engineer-resume-example/,Engineering Resume Examples
103,Mathematics Education Student Resume Sample,https://resumekraft.com/mathematics-education-student-resume-sample/,Education Resume Examples
103,Instrumentation Engineer Resume Sample,https://resumekraft.com/instrumentation-engineer-resume-sample/,Creative Field Resume Examples
103,Support Engineer Resume Example,https://resumekraft.com/support-engineer-resume-example-2/,Engineering Resume Examples
104,Procurement Officer Resume Example,https://resumekraft.com/procurement-officer-resume-example/,Administration Resume Samples
104,Electrical Specialist Resume Sample,https://resumekraft.com/electrical-specialist-resume-sample/,Engineering Resume Examples
104,Accounting Associate Resume Sample,https://resumekraft.com/accounting-associate-resume-sample-2/,Accounting Finance Resume Samples
104,Relationship Manager Resume Sample,https://resumekraft.com/relationship-manager-resume-sample-2/,Sales and Marketing Resume Samples
104,Technical Support Engineer Resume Sample,https://resumekraft.com/technical-support-engineer-resume-sample-2/,Engineering Resume Examples
104,Advertising & Promotions Manager Resume Sample,https://resumekraft.com/advertising-and-promotions-manager-resume-sample/,Sales and Marketing Resume Samples
104,Digital Marketer Resume Example,https://resumekraft.com/digital-marketer-resume-example-2/,Sales and Marketing Resume Samples
104,Customer Service Resume Example,https://resumekraft.com/customer-service-resume-example-2/,Business Resume Examples
104,Office Admin Resume Sample,https://resumekraft.com/office-admin-resume-sample/,Administration Resume Samples
104,Database Specialist Resume Example,https://resumekraft.com/database-specialist-resume-example/,IT Resume Samples
104,Senior ELV Engineer Resume Sample,https://resumekraft.com/senior-elv-engineer-resume-sample/,Engineering Resume Examples
104,Delivery Manager Resume Sample,https://resumekraft.com/delivery-manager-resume-sample/,Administration Resume Samples | Business Resume Examples
105,Project Manager Resume Example,https://resumekraft.com/project-manager-resume-example-4/,Administration Resume Samples
105,Postgraduate Student Resume Sample,https://resumekraft.com/postgraduate-student-resume-sample/,Education Resume Examples
105,Technical Analyst Resume Example,https://resumekraft.com/technical-analyst-resume-example/,IT Resume Samples
105,Scrum Master Resume Example,https://resumekraft.com/scrum-master-resume-example-2/,IT Resume Samples
105,Electrical Engineer Resume Sample,https://resumekraft.com/electrical-engineer-resume-sample-3/,Engineering Resume Examples
105,Guest Service Associate Resume Example,https://resumekraft.com/guest-service-associate-resume-example/,Administration Resume Samples
105,Risk Monitoring Accountant Resume Sample,https://resumekraft.com/risk-monitoring-accountant-resume-sample/,Accounting Finance Resume Samples
105,Dot Net Developer Resume Example,https://resumekraft.com/dot-net-developer-resume-example/,IT Resume Samples
105,Senior MEAL Officer Resume Example,https://resumekraft.com/senior-meal-officer-resume-example/,
105,Medical Billing Resume Sample,https://resumekraft.com/medical-billing-resume-sample/,Healthcare Resume Samples
105,Disability Support Worker Resume Example,https://resumekraft.com/disability-support-worker-resume-example/,Healthcare Resume Samples
105,Senior Sales operations Resume Sample,https://resumekraft.com/senior-sales-operations-resume-sample/,Sales and Marketing Resume Samples
106,Cardiologist Resume Sample,https://resumekraft.com/cardiologist-resume-sample/,Healthcare Resume Samples
106,IT Support Engineer Resume Sample,https://resumekraft.com/it-support-engineer-resume-sample/,IT Resume Samples
106,Front Office Assistant Resume Example,https://resumekraft.com/front-office-assistant-resume-example/,Administration Resume Samples
106,Engineer Operations Resume Example,https://resumekraft.com/engineer-operations-resume-example/,Engineering Resume Examples
106,Administration Clerk Resume Sample,https://resumekraft.com/administration-clerk-resume-sample/,Administration Resume Samples
106,Interpreter Resume Example,https://resumekraft.com/interpreter-resume-example/,Creative Field Resume Examples
106,Android Instructor Resume Sample,https://resumekraft.com/android-instructor-resume-sample/,IT Resume Samples
106,Fire Protection Engineer Resume Example,https://resumekraft.com/fire-protection-engineer-resume-example/,Engineering Resume Examples
106,Soft IP Validation Engineer Resume Sample,https://resumekraft.com/soft-ip-validation-engineer-resume-sample/,IT Resume Samples
106,ESL Educator Resume Example,https://resumekraft.com/esl-educator-resume-example/,Education Resume Examples
106,Business Development Executive Resume Example,https://resumekraft.com/business-development-executive-resume-example/,Business Resume Examples
106,Software Project Manager Resume Sample,https://resumekraft.com/software-project-manager-resume-sample-2/,IT Resume Samples
107,Medical Biller Resume Sample,https://resumekraft.com/medical-biller-resume-sample/,Healthcare Resume Samples
107,Tally Trainer Resume Sample,https://resumekraft.com/tally-trainer-resume-sample/,Accounting Finance Resume Samples
107,Global Training Manager Resume Example,https://resumekraft.com/global-training-manager-resume-example/,Career Advice
107,Executive Personal Secretary Resume Sample,https://resumekraft.com/executive-personal-secretary-resume-sample/,Administration Resume Samples
107,Executive Digital Marketing Resume Sample,https://resumekraft.com/executive-digital-marketing-resume-sample/,Sales and Marketing Resume Samples
107,School Administrator Resume Example,https://resumekraft.com/school-administrator-resume-example/,Administration Resume Samples | Education Resume Examples
107,IT Program Manager Resume Example,https://resumekraft.com/it-program-manager-resume-example/,IT Resume Samples
107,Accountant Resume Sample,https://resumekraft.com/accountant-resume-sample-2/,Accounting Finance Resume Samples
107,Area Manager Resume Example,https://resumekraft.com/area-manager-resume-example/,Administration Resume Samples | Sales and Marketing Resume Samples
107,Events Executive Resume Sample,https://resumekraft.com/events-executive-resume-sample/,Creative Field Resume Examples
107,Database Administrator Resume Example,https://resumekraft.com/database-administrator-resume-example/,IT Resume Samples
107,Relationships Manager Resume Example,https://resumekraft.com/relationships-manager-resume-example/,Administration Resume Samples | Business Resume Examples
108,Marketing Coordinator Resume Example,https://resumekraft.com/marketing-coordinator-resume-example/,Sales and Marketing Resume Samples
108,Trade Advisor Resume Sample,https://resumekraft.com/trade-advisor-resume-sample/,Accounting Finance Resume Samples
108,ERP Administrator Resume Example,https://resumekraft.com/erp-administrator-resume-example/,Engineering Resume Examples | IT Resume Samples
108,Assistant Nurse Resume Example,https://resumekraft.com/assistant-nurse-resume-example/,Healthcare Resume Samples
108,Process Associate Resume Sample,https://resumekraft.com/process-associate-resume-sample-2/,Administration Resume Samples
108,Automotive Journalist Resume Sample,https://resumekraft.com/automotive-journalist-resume-sample/,Engineering Resume Examples
108,Illustrator Resume Example,https://resumekraft.com/illustrator-resume-example/,Creative Field Resume Examples
108,Business Systems Analyst Resume Sample,https://resumekraft.com/business-systems-analyst-resume-sample/,Business Resume Examples
108,Architect Resume Example,https://resumekraft.com/architect-resume-example/,Engineering Resume Examples
108,Application Engineer Resume Sample,https://resumekraft.com/application-engineer-resume-sample/,Engineering Resume Examples | IT Resume Samples
108,UX Specialist Resume Example,https://resumekraft.com/ux-specialist-resume-example/,IT Resume Samples
108,Supply Chain Professional Resume Sample,https://resumekraft.com/supply-chain-professional-resume-sample/,Administration Resume Samples | Sales and Marketing Resume Samples
109,Customer Advisor Resume Sample,https://resumekraft.com/customer-advisor-resume-sample/,Career Advice
109,Copywriter Resume Sample,https://resumekraft.com/copywriter-resume-sample/,Creative Field Resume Examples
109,Special Education Teacher Resume Sample,https://resumekraft.com/special-education-teacher-resume-sample-2/,Education Resume Examples
109,International Foreign Affairs Resume Example,https://resumekraft.com/international-foreign-affairs-resume-example/,Business Resume Examples
109,Customer Service Representative Resume Sample,https://resumekraft.com/customer-service-representative-resume-sample/,Sales and Marketing Resume Samples
109,Family Counselling Resume Sample,https://resumekraft.com/family-counselling-resume-sample/,
109,Network Planning Analyst Resume Example,https://resumekraft.com/network-planning-analyst-resume-example/,Engineering Resume Examples
109,Chief Executive Officer Resume Example,https://resumekraft.com/chief-executive-officer-resume-example/,Administration Resume Samples
109,Human Resources Development Manager Resume Sample,https://resumekraft.com/human-resources-development-manager-resume-sample/,Administration Resume Samples
109,Manager Automation Operations Resume Example,https://resumekraft.com/manager-automation-operations-resume-example/,Administration Resume Samples | Business Resume Examples
109,Client Relations Resume Sample,https://resumekraft.com/client-relations-resume-sample/,Business Resume Examples
109,Human Capital Manager Resume Sample,https://resumekraft.com/human-capital-manager-resume-sample/,Administration Resume Samples
110,Mental Health Support Worker Resume Example,https://resumekraft.com/mental-health-support-worker-resume-example/,Healthcare Resume Samples
110,Translator Resume Sample,https://resumekraft.com/translator-resume-sample-2/,Creative Field Resume Examples
110,Finance Graduate Resume Example,https://resumekraft.com/finance-graduate-resume-example/,Accounting Finance Resume Samples
110,Marketing Student Resume Sample,https://resumekraft.com/marketing-student-resume-sample/,Education Resume Examples | Sales and Marketing Resume Samples
110,Quality Assurance Resume Sample,https://resumekraft.com/quality-assurance-resume-sample-4/,IT Resume Samples
110,Legal Assistant Resume Sample,https://resumekraft.com/legal-assistant-resume-sample/,Administration Resume Samples
110,Commerce Student Resume Example,https://resumekraft.com/commerce-student-resume-example/,Education Resume Examples
110,Maintenance Engineer Supervisor Resume Sample,https://resumekraft.com/maintenance-engineer-supervisor-resume-sample/,Engineering Resume Examples
110,Vendor Sales Manager Resume Example,https://resumekraft.com/vendor-sales-manager-resume-example/,Sales and Marketing Resume Samples
110,Event Manager Resume Sample,https://resumekraft.com/event-manager-resume-sample/,Creative Field Resume Examples
110,Software Tester Resume Example,https://resumekraft.com/software-tester-resume-example-4/,IT Resume Samples
110,Technical Architect Resume Sample,https://resumekraft.com/technical-architect-resume-sample/,Engineering Resume Examples
111,Correctional Officer Resume Example,https://resumekraft.com/correctional-officer-resume-example/,
111,Project Manager Resume Sample,https://resumekraft.com/project-manager-resume-sample-4/,Administration Resume Samples | IT Resume Samples
111,Operations Support Officer Resume Example,https://resumekraft.com/operations-support-officer-resume-example/,Administration Resume Samples
111,Project Manager Resume Sample,https://resumekraft.com/project-manager-resume-sample-3/,Administration Resume Samples
111,Web Developer Internship Resume Example,https://resumekraft.com/web-developer-internship-resume-example/,IT Resume Samples
111,Senior Wealth Manager Resume Sample,https://resumekraft.com/senior-wealth-manager-resume-sample/,Accounting Finance Resume Samples
111,Marketing & Communications Officer Resume Example,https://resumekraft.com/marketing-communications-officer-resume-example/,
111,Digital Marketing Specialist Resume Sample,https://resumekraft.com/digital-marketing-specialist-resume-sample/,Sales and Marketing Resume Samples
111,Social Media Specialist Resume Example,https://resumekraft.com/social-media-specialist-resume-example/,Creative Field Resume Examples
111,Senior Assistant Professor Resume Example,https://resumekraft.com/senior-assistant-professor-resume-example/,Education Resume Examples
111,Head Of Customer Service Resume Sample,https://resumekraft.com/head-of-customer-service-resume-sample/,Sales and Marketing Resume Samples
111,Construction Project Director Resume Example,https://resumekraft.com/construction-project-director-resume-example/,Engineering Resume Examples
112,Machine Learning Engineer Resume Sample,https://resumekraft.com/machine-learning-engineer-resume-sample/,Engineering Resume Examples | IT Resume Samples
112,Senior Machine Learning Engineer Resume Example,https://resumekraft.com/senior-machine-learning-engineer-resume-example/,Engineering Resume Examples | IT Resume Samples
112,Senior Data Analyst Resume Sample,https://resumekraft.com/senior-data-analyst-resume-sample/,IT Resume Samples
112,Virtual Accountant Resume Sample,https://resumekraft.com/virtual-accountant-resume-sample/,Accounting Finance Resume Samples
112,Quality Control Consultant Engineer Resume Example,https://resumekraft.com/quality-control-consultant-engineer-resume-example/,Engineering Resume Examples
112,ILS Paramedic Resume Sample,https://resumekraft.com/ils-paramedic-resume-sample/,Healthcare Resume Samples
112,Senior Java Developer Resume Example,https://resumekraft.com/senior-java-developer-resume-example/,IT Resume Samples
112,Quality Management System Professional Resume,https://resumekraft.com/quality-management-system-professional-resume-sample/,IT Resume Samples
112,General Manager Operations Resume Example,https://resumekraft.com/general-manager-operations-resume-example/,Administration Resume Samples
112,Lecturer Resume Sample,https://resumekraft.com/lecturer-resume-sample/,Education Resume Examples
112,Senior Mechanical Engineer Resume Example,https://resumekraft.com/senior-mechanical-engineer-resume-example/,Engineering Resume Examples
112,Human Resources Generalist Resume Example,https://resumekraft.com/human-resources-generalist-resume-example/,Administration Resume Samples
113,Senior Project Manager Resume Sample,https://resumekraft.com/senior-project-manager-resume-sample-3/,
113,Logistics Manager Resume Example,https://resumekraft.com/logistics-manager-resume-example/,Administration Resume Samples
113,Junior QA Tester Resume Example,https://resumekraft.com/junior-qa-tester-resume-example-2/,IT Resume Samples
113,Administrator Officer Resume Sample,https://resumekraft.com/administrator-officer-resume-sample/,Administration Resume Samples
113,Bioengineering Undergraduate Student Resume Sample,https://resumekraft.com/bioengineering-undergraduate-student-resume-sample/,Education Resume Examples
113,Attorney Associate Resume Example,https://resumekraft.com/attorney-associate-resume-example/,
113,Business Project Manager Resume Sample,https://resumekraft.com/business-project-manager-resume-sample/,Administration Resume Samples | Business Resume Examples
113,Industrial sales executive Resume Sample,https://resumekraft.com/industrial-sales-executive-resume-sample/,Sales and Marketing Resume Samples
113,Biochemistry Teacher Resume Sample,https://resumekraft.com/biochemistry-teacher-resume-sample/,Education Resume Examples
113,Software Support Resume Example,https://resumekraft.com/software-support-resume-example/,IT Resume Samples
113,Resource Coordinator Resume Sample,https://resumekraft.com/resource-coordinator-resume-sample/,Administration Resume Samples
113,Finance Professional Resume Example,https://resumekraft.com/finance-professional-resume-example/,Accounting Finance Resume Samples
114,Java Trainer Resume Sample,https://resumekraft.com/java-trainer-resume-sample/,IT Resume Samples
114,Supply Chain Specialist Resume Example,https://resumekraft.com/supply-chain-specialist-resume-example/,Administration Resume Samples
114,Food Safety Officer Resume Example,https://resumekraft.com/food-safety-officer-resume-example/,
114,MCA Student Resume Sample,https://resumekraft.com/mca-student-resume-sample/,Education Resume Examples
114,IT Compliance Manager Resume Example,https://resumekraft.com/it-compliance-manager-resume-example/,IT Resume Samples
114,Senior Fashion Stylist Resume Sample,https://resumekraft.com/senior-fashion-stylist-resume-sample/,Creative Field Resume Examples
114,Senior Merchandiser Resume Example,https://resumekraft.com/senior-merchandiser-resume-example/,Business Resume Examples
114,Retail Sales Assistant Resume Sample,https://resumekraft.com/retail-sales-assistant-resume-sample-2/,Sales and Marketing Resume Samples
114,Data Science Graduate Resume Example,https://resumekraft.com/data-science-graduate-resume-example/,IT Resume Samples
114,Management Trainee Resume Sample,https://resumekraft.com/management-trainee-resume-sample/,Administration Resume Samples
114,Senior Technical Support Associate Resume,https://resumekraft.com/senior-technical-support-associate-resume-sample/,IT Resume Samples
114,Molecular Biology Resume Sample,https://resumekraft.com/molecular-biology-resume-sample/,
115,Full Stack Software Engineer Resume Example,https://resumekraft.com/full-stack-software-engineer-resume-example/,IT Resume Samples
115,Senior Translator Resume Example,https://resumekraft.com/senior-translator-resume-example/,Creative Field Resume Examples
115,Housekeeping Resume Sample,https://resumekraft.com/housekeeping-resume-sample/,
115,Driver License Supervisor Resume Example,https://resumekraft.com/driver-license-supervisor-resume-example/,
115,Manager Billing & Tax Resume Sample,https://resumekraft.com/manager-billing-tax-resume-sample/,Accounting Finance Resume Samples
115,SWIFT Designer Resume Example,https://resumekraft.com/swift-designer-resume-example/,Engineering Resume Examples
115,Credit & Collections Team Leader Resume Sample,https://resumekraft.com/credit-collections-team-leader-resume-sample/,Accounting Finance Resume Samples
115,Landscape Coordinator Resume Example,https://resumekraft.com/landscape-coordinator-resume-example/,
115,Sales Professional Resume Example,https://resumekraft.com/sales-professional-resume-example/,Sales and Marketing Resume Samples
115,CRM Strategy Resume Sample,https://resumekraft.com/crm-strategy-resume-sample/,IT Resume Samples
115,Quality Team Leader Resume Sample,https://resumekraft.com/quality-team-leader-resume-sample/,IT Resume Samples
115,Debt Counselor Resume Example,https://resumekraft.com/debt-counselor-resume-example/,Accounting Finance Resume Samples
116,Fresh Graduate Resume Sample,https://resumekraft.com/fresh-graduate-resume-sample-2/,Education Resume Examples
116,English Language Teacher Resume Sample,https://resumekraft.com/english-language-teacher-resume-sample/,Education Resume Examples
116,Product Safety Advisor Resume Example,https://resumekraft.com/product-safety-advisor-resume-example/,
116,Law Student Resume Sample,https://resumekraft.com/law-student-resume-sample/,Education Resume Examples
116,Senior Nurse Resume Example,https://resumekraft.com/senior-nurse-resume-example/,Healthcare Resume Samples
116,Early Childhood Teacher Resume Sample,https://resumekraft.com/early-childhood-teacher-resume-sample/,Education Resume Examples
116,Senior Data Analyst Resume Example,https://resumekraft.com/senior-data-analyst-resume-example-2/,IT Resume Samples
116,Professional facilitator Resume Sample,https://resumekraft.com/professional-facilitator-resume-sample/,
116,Shop Manager Resume Example,https://resumekraft.com/shop-manager-resume-example/,
116,Senior Tele sales Agent Resume Sample,https://resumekraft.com/senior-tele-sales-agent-resume-sample/,Sales and Marketing Resume Samples
116,Operational Risk Supervisor Resume Sample,https://resumekraft.com/operational-risk-supervisor-resume-sample/,Administration Resume Samples
116,Administration Clerk Resume Example,https://resumekraft.com/administration-clerk-resume-example/,Administration Resume Samples
117,Sustainable Development Executive Resume,https://resumekraft.com/sustainable-development-executive-resume-sample/,
117,Beautician Resume Example,https://resumekraft.com/beautician-resume-example/,Career Advice | Creative Field Resume Examples
117,Food and Beverage Supervisor Resume Example,https://resumekraft.com/food-and-beverage-supervisor-resume-example/,
117,Computer Science Engineering Student Resume,https://resumekraft.com/computer-science-engineering-student-resume-sample/,
117,Foreign Language Assistant Resume Example,https://resumekraft.com/foreign-language-assistant-resume-example/,
117,Foreign Language Assistant Resume Sample,https://resumekraft.com/foreign-language-assistant-resume-sample/,
117,Mechanical Engineer Intern Resume Example,https://resumekraft.com/mechanical-engineer-intern-resume-example/,Engineering Resume Examples
117,Data scientist Resume Example,https://resumekraft.com/data-scientist-resume-example-4/,IT Resume Samples
117,Investigative reporter Resume Example,https://resumekraft.com/investigative-reporter-resume-example/,
117,Administrative Secretary Resume Sample,https://resumekraft.com/administrative-secretary-resume-sample/,Administration Resume Samples
117,Customer Service Supervisor Resume Example,https://resumekraft.com/customer-service-supervisor-resume-example/,Sales and Marketing Resume Samples
117,Oracle programmer Resume Sample,https://resumekraft.com/oracle-programmer-resume-sample/,IT Resume Samples
118,Civil & Environmental Engineering Undergraduate Resume,https://resumekraft.com/civil-and-environmental-engineering-undergraduate-resume-sample/,Education Resume Examples | Engineering Resume Examples
118,College Student Resume Example,https://resumekraft.com/college-student-resume-example/,Education Resume Examples
118,Asst. Regional Sales Manager Resume Sample,https://resumekraft.com/asst-regional-sales-manager-resume-sample/,Sales and Marketing Resume Samples
118,Tender & Regulatory Executive Officer Resume,https://resumekraft.com/tender-regulatory-executive-officer-resume-example/,
118,Assistant Professor Resume Example,https://resumekraft.com/assistant-professor-resume-example/,Education Resume Examples
118,Agronomist Resume Sample,https://resumekraft.com/agronomist-resume-sample/,Creative Field Resume Examples
118,Full-Stack developer Resume Example,https://resumekraft.com/full-stack-developer-resume-example/,IT Resume Samples
118,Game Designer Resume Sample,https://resumekraft.com/game-designer-resume-sample/,
118,Home Teacher Resume Example,https://resumekraft.com/home-teacher-resume-example/,Education Resume Examples
118,Android Developer Resume Example,https://resumekraft.com/android-developer-resume-example/,IT Resume Samples
118,Psychology Graduate Resume Sample,https://resumekraft.com/psychology-graduate-resume-sample/,Healthcare Resume Samples
118,Junior iOS Developer Resume Example,https://resumekraft.com/ios-developer-resume-example/,IT Resume Samples
119,Tableau Developer Resume Sample,https://resumekraft.com/tableau-developer-resume-sample/,IT Resume Samples
119,Content Writer Resume Example,https://resumekraft.com/content-writer-resume-example/,
119,Senior ITSM Consultant Resume Sample,https://resumekraft.com/senior-itsm-consultant-resume-sample/,
119,Strategic Business Analyst Resume Example,https://resumekraft.com/strategic-business-analyst-resume-example/,Business Resume Examples
119,Postdoctoral Researcher Resume Example,https://resumekraft.com/postdoctoral-researcher-resume-example/,Education Resume Examples | Healthcare Resume Samples
119,Industrial systems Engineer Resume Sample,https://resumekraft.com/industrial-systems-engineer-resume-sample/,Engineering Resume Examples
119,Service Desk Operation Lead Resume Example,https://resumekraft.com/service-desk-operation-lead-resume-example/,
119,Branch Manager Resume Example,https://resumekraft.com/branch-manager-resume-example-3/,Accounting Finance Resume Samples
119,CIVIL Engineer Resume Example,https://resumekraft.com/civil-engineer-resume-example-3/,Engineering Resume Examples
119,Digital Media Specialist Resume Example,https://resumekraft.com/digital-media-specialist-resume-example/,
119,Marine Mechanical Engineer Resume Sample,https://resumekraft.com/marine-mechanical-engineer-resume-sample/,Engineering Resume Examples
119,Waitress & Bartender Resume Example,https://resumekraft.com/waitress-bartender-resume-example/,Administration Resume Samples
120,Communications Intern Resume Sample,https://resumekraft.com/communications-intern-resume-sample/,
120,Petroleum Supervisor Resume Example,https://resumekraft.com/petroleum-supervisor-resume-example/,Engineering Resume Examples
120,Aws Solution Architect Resume Sample,https://resumekraft.com/aws-solution-architect-resume-sample/,IT Resume Samples
120,Area Manager Resume Sample,https://resumekraft.com/area-manager-resume-sample/,Administration Resume Samples
120,Banking Operations Resume Example,https://resumekraft.com/banking-operations-resume-example/,Accounting Finance Resume Samples
120,Assistant teacher Resume Sample,https://resumekraft.com/assistant-teacher-resume-sample/,Education Resume Examples
120,Mathematics Teacher Resume Example,https://resumekraft.com/mathematics-teacher-resume-example/,Education Resume Examples
120,Associate Software Engineer Resume Sample,https://resumekraft.com/associate-software-engineer-resume-sample-3/,IT Resume Samples
120,Software Development Manager Resume,https://resumekraft.com/software-development-manager-resume-example/,IT Resume Samples
120,Financial planning expert Resume Sample,https://resumekraft.com/financial-planning-expert-resume-sample/,Accounting Finance Resume Samples
120,Short term insurance broker Resume Example,https://resumekraft.com/short-term-insurance-broker-resume-example/,Accounting Finance Resume Samples | Healthcare Resume Samples
120,Business Strategy Resume Sample,https://resumekraft.com/business-strategy-resume-sample-2/,Business Resume Examples
121,IT Technical Supervisor Resume Sample,https://resumekraft.com/it-technical-supervisor-resume-sample/,IT Resume Samples
121,Occupational Therapy student Resume Example,https://resumekraft.com/occupational-therapy-student-resume-example/,Education Resume Examples | Healthcare Resume Samples
121,iOS Developer Resume Sample,https://resumekraft.com/ios-developer-resume-sample-2/,IT Resume Samples
121,Remisier Resume Sample,https://resumekraft.com/remisier-resume-sample/,Sales and Marketing Resume Samples
121,Bookkeeper Resume Example,https://resumekraft.com/bookkeeper-resume-example/,Education Resume Examples
121,Medical Doctor Resume Example,https://resumekraft.com/medical-doctor-resume-example/,Healthcare Resume Samples
121,Corporate communications specialist Resume,https://resumekraft.com/corporate-communications-specialist-resume-sample/,Administration Resume Samples
121,Trade Marketing Manager Resume Example,https://resumekraft.com/trade-marketing-manager-resume-example-2/,Business Resume Examples | Sales and Marketing Resume Samples
121,Researcher Resume Sample,https://resumekraft.com/researcher-resume-sample/,Education Resume Examples
121,Receiving Lead Resume Example,https://resumekraft.com/receiving-lead-resume-example/,Administration Resume Samples
121,Process Engineer Resume Example,https://resumekraft.com/process-engineer-resume-example/,Creative Field Resume Examples | Engineering Resume Examples
121,IT Director Resume Example,https://resumekraft.com/it-director-resume-example-2/,IT Resume Samples
122,Paralegal Resume Example,https://resumekraft.com/paralegal-resume-example/,Accounting Finance Resume Samples | Administration Resume Samples
122,Cyber Security Systems Engineer Resume Sample,https://resumekraft.com/cyber-security-systems-engineer-resume-sample/,IT Resume Samples
122,Flight attendant Resume Example,https://resumekraft.com/flight-attendant-resume-example/,Administration Resume Samples
122,Service Quality Technician Resume Example,https://resumekraft.com/service-quality-technician-resume-example/,Sales and Marketing Resume Samples
122,Front end Web Developer Resume Sample,https://resumekraft.com/front-end-web-developer-resume-sample/,IT Resume Samples
122,Legal Secretary Resume Example,https://resumekraft.com/legal-secretary-resume-example/,
122,Communication Strategist Resume Example,https://resumekraft.com/communication-strategist-resume-example/,
122,Veterinarian Resume Sample,https://resumekraft.com/veterinarian-resume-sample-2/,Healthcare Resume Samples
122,Digital marketing professional Resume Example,https://resumekraft.com/digital-marketing-professional-resume-example/,Sales and Marketing Resume Samples
122,SAP FICO Resume Example,https://resumekraft.com/sap-fico-resume-example/,IT Resume Samples
122,Preschool Teacher Resume Sample,https://resumekraft.com/preschool-teacher-resume-sample/,Education Resume Examples
122,Communication Engineer Resume Example,https://resumekraft.com/communication-engineer-resume-example/,
123,Sales Executive Resume Example,https://resumekraft.com/sales-executive-resume-example-3/,Sales and Marketing Resume Samples
123,Mechanical Support Supervisor Resume Sample,https://resumekraft.com/mechanical-support-supervisor-resume-sample/,Engineering Resume Examples
123,Quality Check Engineer Resume Example,https://resumekraft.com/quality-check-engineer-resume-example/,IT Resume Samples
123,Surveyor Resume Example,https://resumekraft.com/surveyor-resume-example/,Engineering Resume Examples
123,Systems Engineer Resume Example,https://resumekraft.com/systems-engineer-resume-example/,Engineering Resume Examples
123,Textile Engineer Resume Sample,https://resumekraft.com/textile-engineer-resume-sample/,Engineering Resume Examples
123,Application Analyst Resume Sample,https://resumekraft.com/application-analyst-resume-sample/,Business Resume Examples
123,Data Entry Clerk Resume Example,https://resumekraft.com/data-entry-clerk-resume-example/,Accounting Finance Resume Samples
123,Financial Sales Resume Example,https://resumekraft.com/financial-sales-resume-example/,Accounting Finance Resume Samples
123,ESL Instructor Resume Sample,https://resumekraft.com/esl-instructor-resume-sample/,Education Resume Examples
123,Customer Service Manager Resume Sample,https://resumekraft.com/customer-service-manager-resume-sample/,Sales and Marketing Resume Samples
123,Technical Writer Resume Sample,https://resumekraft.com/technical-writer-resume-sample/,IT Resume Samples
124,Internal Audit Resume Sample,https://resumekraft.com/internal-audit-resume-sample/,
124,Public Relations and Communications Resume Sample,https://resumekraft.com/public-relations-and-communications-resume-sample/,
124,Travel Consultant Resume Sample,https://resumekraft.com/travel-consultant-resume-sample/,Sales and Marketing Resume Samples
124,Arabic Copywriter Resume Sample,https://resumekraft.com/arabic-copywriter-resume-sample/,Education Resume Examples
124,DevSecOps Engineer Resume Sample,https://resumekraft.com/devsecops-engineer-resume-sample/,IT Resume Samples
124,Field Clinical Engineer Resume,https://resumekraft.com/field-clinical-engineer-resume/,Administration Resume Samples
124,Desktop Support Engineer Resume Example,https://resumekraft.com/desktop-support-engineer-resume/,IT Resume Samples
124,Content Creator Resume Example,https://resumekraft.com/content-creator-resume-example-2/,
124,Sales Analysis Resume Sample,https://resumekraft.com/sales-analysis-resume-sample/,Sales and Marketing Resume Samples
124,Vehicle Painting Resume Sample,https://resumekraft.com/vehicle-painting-resume-sample/,Engineering Resume Examples
124,Forklift Driver Resume Sample,https://resumekraft.com/forklift-driver-resume-sample/,Business Resume Examples
124,Customer Care supervisor Resume Sample,https://resumekraft.com/customer-care-supervisor-resume-sample/,Sales and Marketing Resume Samples
125,Dedicated Customer Service Professional Resume Sample,https://resumekraft.com/dedicated-customer-service-professional-resume/,Administration Resume Samples
125,Tooling specialist Resume Sample,https://resumekraft.com/tooling-specialist-resume-sample/,Engineering Resume Examples
125,Project Administrator Resume Sample,https://resumekraft.com/project-administrator-resume-sample/,Business Resume Examples
125,Digital Account Manager Resume Sample,https://resumekraft.com/digital-account-manager-resume-sample/,Business Resume Examples
125,Web Content Developer Resume Sample,https://resumekraft.com/web-content-developer-resume/,IT Resume Samples
125,Automation Tech Lead Resume Sample,https://resumekraft.com/automation-tech-lead-resume/,IT Resume Samples
125,Software Development Engineer Resume Sample,https://resumekraft.com/software-development-engineer-resume-sample/,IT Resume Samples
125,SharePoint Team Leader Resume Sample,https://resumekraft.com/sharepoint-team-leader-resume/,IT Resume Samples
125,Head of Customer Operation Resume Sample,https://resumekraft.com/head-of-customer-operation-resume/,IT Resume Samples
125,Safety Officer Resume Sample,https://resumekraft.com/safety-officer-resume-sample/,Engineering Resume Examples
125,Middle School Science Teacher Resume Sample,https://resumekraft.com/middle-school-science-teacher-resume/,Education Resume Examples
125,Project Services Manager Resume Sample,https://resumekraft.com/project-services-manager-resume-sample/,Administration Resume Samples
126,SAP Solution Architect Resume Sample,https://resumekraft.com/sap-solution-architect-resume-sample/,IT Resume Samples
126,Event Organizer Resume Sample,https://resumekraft.com/event-organizer-resume-sample/,Administration Resume Samples | Creative Field Resume Examples
126,Account Executive Resume Example with Writing Guide,https://resumekraft.com/account-executive-resume/,Accounting Finance Resume Samples
126,Sales Manager Resume Example with Writing Guide,https://resumekraft.com/sales-manager-resume-example/,Sales and Marketing Resume Samples
126,Data Scientist Resume Example (Writing Guide),https://resumekraft.com/data-scientist-resume-example-3/,IT Resume Samples
126,Accounts Receivable Supervisor Resume Example,https://resumekraft.com/accounts-receivable-supervisor-resume/,Accounting Finance Resume Samples
126,Dentist Resume Example with Writing Guide,https://resumekraft.com/dentist-resume-example/,Healthcare Resume Samples
126,Software Developer Resume Example,https://resumekraft.com/software-developer-resume-example-2/,IT Resume Samples
126,Radio Frequency Engineer Resume Example,https://resumekraft.com/radio-frequency-engineer-resume-example/,Engineering Resume Examples
126,Senior Technical Manager Resume Sample,https://resumekraft.com/senior-technical-manager-resume-sample/,IT Resume Samples
126,Laboratory Assistant Resume Example,https://resumekraft.com/laboratory-assistant-resume-example/,Healthcare Resume Samples
126,Digital Marketing Manager Resume Sample,https://resumekraft.com/digital-marketing-manager-resume-sample-2/,Sales and Marketing Resume Samples
127,Mechanical Engineer Resume Sample,https://resumekraft.com/mechanical-engineer-resume-sample-2/,Engineering Resume Examples
127,Front-End Developer Resume Example,https://resumekraft.com/front-end-developer-resume-example/,IT Resume Samples
127,Finance Manager Resume Example,https://resumekraft.com/finance-manager-resume-example/,Accounting Finance Resume Samples
127,Registered Physical Therapist Resume Sample,https://resumekraft.com/registered-physical-therapist-resume-sample/,Healthcare Resume Samples
127,Project Manager Resume Example,https://resumekraft.com/project-manager-resume-example-3/,Business Resume Examples
127,Customer Care Representative Resume Sample,https://resumekraft.com/customer-care-representative-resume-sample/,Business Resume Examples
127,Sales and Marketing Representative Resume Sample,https://resumekraft.com/sales-and-marketing-representative-resume-sample/,Sales and Marketing Resume Samples
127,Project Manager Resume Sample,https://resumekraft.com/project-manager-resume-sample-2/,IT Resume Samples
127,Health Practitioner Resume Sample,https://resumekraft.com/health-practitioner-resume-sample/,Healthcare Resume Samples
127,Computer Engineer Resume Sample,https://resumekraft.com/computer-engineer-resume-sample-2/,IT Resume Samples
127,Teacher Assistant Resume Example,https://resumekraft.com/teacher-assistant-resume-example/,Education Resume Examples
127,Senior Analyst Resume Example,https://resumekraft.com/senior-analyst-resume-example/,Business Resume Examples
128,Level 3 Personal Trainer Resume Sample,https://resumekraft.com/level-3-personal-trainer-resume-sample/,Education Resume Examples | Healthcare Resume Samples
128,logistics Sales Executive Resume Example,https://resumekraft.com/logistics-sales-executive-resume-example/,Business Resume Examples | Sales and Marketing Resume Samples
128,Senior Finance Executive Resume Example,https://resumekraft.com/senior-finance-executive-resume-example/,Accounting Finance Resume Samples
128,Managing Director Resume Example,https://resumekraft.com/managing-director-resume-example/,Administration Resume Samples | IT Resume Samples
128,Warehouse Operations Manager Resume Sample,https://resumekraft.com/warehouse-operations-manager-resume-sample/,Administration Resume Samples | Business Resume Examples | Sales and Marketing Resume Samples
128,Senior Manager Technology Resume sample,https://resumekraft.com/senior-manager-technology-resume-sample/,Administration Resume Samples | Sales and Marketing Resume Samples
128,Process Engineer Resume Sample,https://resumekraft.com/process-engineer-resume-sample/,Engineering Resume Examples
128,Human Resource Professional Resume Sample,https://resumekraft.com/human-resource-professional-resume-sample-2/,Administration Resume Samples
128,Banquet Set-Up Supervisor Resume Example,https://resumekraft.com/banquet-set-up-supervisor-resume-example/,Administration Resume Samples
128,Embedded Software Developer Resume,https://resumekraft.com/embedded-software-developer-resume/,Engineering Resume Examples
128,Operations Manager Resume Sample,https://resumekraft.com/operations-manager-resume-sample-4/,Administration Resume Samples
128,Physical Therapy Resume Sample,https://resumekraft.com/physical-therapy-resume-sample-2/,Education Resume Examples | Healthcare Resume Samples
129,Approvals Auditor Resume Sample,https://resumekraft.com/approvals-auditor-resume-sample/,Accounting Finance Resume Samples
129,Process Executive Resume Sample,https://resumekraft.com/process-executive-resume-sample/,Business Resume Examples
129,Jewelry Specialist Resume Sample,https://resumekraft.com/jewelry-specialist-resume-sample/,Creative Field Resume Examples
129,English Teacher Resume Sample,https://resumekraft.com/english-teacher-resume-sample-3/,Education Resume Examples
129,Supply Chain Manager Resume Sample,https://resumekraft.com/supply-chain-manager-resume-sample-2/,Administration Resume Samples | Engineering Resume Examples
129,C# .NET Developer Resume Sample,https://resumekraft.com/c-net-developer-resume-sample/,IT Resume Samples
129,Compliance Manager Resume Sample,https://resumekraft.com/compliance-manager-resume-sample-2/,Administration Resume Samples
129,Presales Consultant Resume Sample,https://resumekraft.com/presales-consultant-resume-sample/,Administration Resume Samples | Sales and Marketing Resume Samples
129,Community Social Worker Resume Example,https://resumekraft.com/community-social-worker-resume-example/,Administration Resume Samples
129,Registrar Resume Example,https://resumekraft.com/registrar-resume-example/,Administration Resume Samples
129,Assistant Manager Resume Sample,https://resumekraft.com/assistant-manager-resume-sample/,Administration Resume Samples
129,Executive Assistant Resume Sample,https://resumekraft.com/executive-assistant-resume-sample/,Administration Resume Samples
130,Content Coordinator Resume Sample,https://resumekraft.com/content-coordinator-resume-sample/,IT Resume Samples
130,Quality Engineer Resume Sample,https://resumekraft.com/quality-engineer-resume-sample/,IT Resume Samples
130,Project Development Engineer Resume Sample,https://resumekraft.com/project-development-engineer-resume-sample/,Administration Resume Samples | Engineering Resume Examples
130,Competitive Programmer Resume Sample,https://resumekraft.com/competitive-programmer-resume-sample/,IT Resume Samples
130,F&B Service Hospitality Resume Sample,https://resumekraft.com/fb-service-hospitality-resume-sample/,Administration Resume Samples | Business Resume Examples
130,Senior Technical Buyer Resume Sample,https://resumekraft.com/senior-technical-buyer-resume-sample/,Accounting Finance Resume Samples | Administration Resume Samples | Business Resume Examples
130,Customer Service Executive Resume Example,https://resumekraft.com/customer-service-executive-resume-example/,Sales and Marketing Resume Samples
130,Software Tester Resume Example,https://resumekraft.com/software-tester-resume-example-3/,IT Resume Samples
130,Account Executive Resume Example,https://resumekraft.com/account-executive-resume-example/,Healthcare Resume Samples
130,Automotive Engineer Resume Example,https://resumekraft.com/automotive-engineer-resume-example/,Engineering Resume Examples
130,Chief Operating Officer Resume Sample,https://resumekraft.com/chief-operating-officer-resume-sample/,Business Resume Examples | Education Resume Examples
130,Media Planner Resume Sample,https://resumekraft.com/media-planner-resume-sample/,Administration Resume Samples | Creative Field Resume Examples | Sales and Marketing Resume Samples
131,Patient Support Resume Example,https://resumekraft.com/patient-support-resume-example/,Healthcare Resume Samples
131,Branch Manager Resume Example,https://resumekraft.com/branch-manager-resume-example-2/,Administration Resume Samples | Business Resume Examples
131,DCS Application Engineer Resume Example,https://resumekraft.com/dcs-application-engineer-resume-example/,Engineering Resume Examples
131,Geophysicist Resume Sample,https://resumekraft.com/geophysicist-resume-sample/,Engineering Resume Examples
131,Sales Representative Resume Sample,https://resumekraft.com/sales-representative-resume-sample/,Accounting Finance Resume Samples | Sales and Marketing Resume Samples
131,Funding Asset Management Control Resume,https://resumekraft.com/funding-asset-management-control-resume/,Accounting Finance Resume Samples
131,Learning & Development Professional Resume,https://resumekraft.com/learning-development-professional-resume/,Education Resume Examples | IT Resume Samples
131,Android Developer Resume Sample,https://resumekraft.com/android-developer-resume-sample-2/,IT Resume Samples
131,Immunology Specialist Resume Sample,https://resumekraft.com/immunology-specialist-resume-sample/,Education Resume Examples | Healthcare Resume Samples | IT Resume Samples
131,HR Sourcing Consultant Resume Sample,https://resumekraft.com/hr-sourcing-consultant-resume-sample/,Administration Resume Samples | IT Resume Samples
131,Recruitment Specialist Resume Sample,https://resumekraft.com/recruitment-specialist-resume-sample/,Administration Resume Samples | Education Resume Examples | IT Resume Samples
131,Accounts Payable Resume Example,https://resumekraft.com/accounts-payable-resume-example/,Accounting Finance Resume Samples
132,Vocalist Resume Example,https://resumekraft.com/vocalist-resume-example/,Education Resume Examples
132,IT Technician Resume Example,https://resumekraft.com/it-technician-resume-example/,IT Resume Samples
132,Clinical Pharmacist Resume Example,https://resumekraft.com/clinical-pharmacist-resume-example/,Healthcare Resume Samples
132,Application Support Analyst Resume Example,https://resumekraft.com/application-support-analyst-resume-example/,IT Resume Samples
132,Estimation Engineer Resume Example,https://resumekraft.com/estimation-engineer-resume-example/,Engineering Resume Examples
132,Elementary Teacher Resume Example,https://resumekraft.com/elementary-teacher-resume-example/,Education Resume Examples
132,Computer Teacher Resume Example,https://resumekraft.com/computer-teacher-resume-example/,Education Resume Examples
132,Travel Demand Modeler Resume Sample,https://resumekraft.com/travel-demand-modeler-resume-sample/,IT Resume Samples
132,Medical Doctor Resume Sample,https://resumekraft.com/medical-doctor-resume-sample/,Healthcare Resume Samples
132,Chemical Project Engineer Resume Sample,https://resumekraft.com/chemical-project-engineer-resume-sample/,Administration Resume Samples | Creative Field Resume Examples | Engineering Resume Examples
132,Finance Graduate Resume Sample,https://resumekraft.com/finance-graduate-resume-sample/,Accounting Finance Resume Samples | Administration Resume Samples | Education Resume Examples | Sales and Marketing Resume Samples
132,Recovery Specialist Resume Sample,https://resumekraft.com/recovery-specialist-resume-sample-2/,IT Resume Samples
133,Senior Sales Executive Resume Sample,https://resumekraft.com/senior-sales-executive-resume-sample/,Sales and Marketing Resume Samples
133,PHP Developer Resume Sample,https://resumekraft.com/php-developer-resume-sample-2/,IT Resume Samples
133,Project Coordinator Resume Sample,https://resumekraft.com/project-coordinator-resume-sample-4/,Administration Resume Samples | IT Resume Samples
133,Proprietor Resume Sample,https://resumekraft.com/proprietor-resume-sample/,Education Resume Examples
133,Assistant Risk Management Resume Sample,https://resumekraft.com/assistant-risk-management-resume-sample/,Business Resume Examples | Sales and Marketing Resume Samples
133,Assistant Principal Resume Sample,https://resumekraft.com/assistant-principal-resume-sample/,Education Resume Examples
133,Librarian Resume Example,https://resumekraft.com/librarian-resume-example/,Education Resume Examples
133,Electronics Engineer Resume Example,https://resumekraft.com/electronics-engineer-resume-example/,Engineering Resume Examples
133,Senior Technical Support Resume Example,https://resumekraft.com/senior-technical-support-resume-example/,IT Resume Samples
133,Software Test Manager Resume Example,https://resumekraft.com/software-test-manager-resume-example/,IT Resume Samples
133,Travel Planner Resume Example,https://resumekraft.com/travel-planner-resume-example/,Sales and Marketing Resume Samples
133,Sports Coach Resume Example,https://resumekraft.com/sports-coach-resume-example/,Education Resume Examples
134,Chemical Engineer Resume Example,https://resumekraft.com/chemical-engineer-resume-example/,Engineering Resume Examples
134,Occupational Therapist Resume Example,https://resumekraft.com/occupational-therapist-resume-example/,Healthcare Resume Samples
134,Senior Software Engineer Resume Example,https://resumekraft.com/senior-software-engineer-resume-example/,IT Resume Samples
134,Escalation Specialist Resume Example,https://resumekraft.com/escalation-specialist-resume-example/,Administration Resume Samples
134,Senior Project Manager Resume Example,https://resumekraft.com/senior-project-manager-resume-example/,Business Resume Examples
134,Field Service Engineer Resume Example,https://resumekraft.com/field-service-engineer-resume-example/,Engineering Resume Examples
134,Assurance Administrator Resume Example,https://resumekraft.com/assurance-administrator-resume-example/,IT Resume Samples
134,QA Manager Resume Example,https://resumekraft.com/qa-manager-resume-example/,IT Resume Samples
134,Quality Assurance Engineer Resume Example,https://resumekraft.com/quality-assurance-engineer-resume-example/,IT Resume Samples
134,Teaching Analyst Resume Sample,https://resumekraft.com/teaching-analyst-resume-sample/,Education Resume Examples
134,Technical Specialist Resume Sample,https://resumekraft.com/technical-specialist-resume-sample/,IT Resume Samples
134,Office Administrator Resume Sample,https://resumekraft.com/office-administrator-resume-sample/,Administration Resume Samples
135,Application Support Engineer Resume Sample,https://resumekraft.com/application-support-engineer-resume-sample/,Engineering Resume Examples | IT Resume Samples
135,Tech Lead Engineer Resume Sample,https://resumekraft.com/tech-lead-engineer-resume-sample/,Engineering Resume Examples | IT Resume Samples
135,Service Delivery Manager Resume Example,https://resumekraft.com/service-delivery-manager-resume-example-2/,Business Resume Examples
135,Communication Supervisor Resume Example,https://resumekraft.com/communication-supervisor-resume-example/,Sales and Marketing Resume Samples
135,Chartered Accountant Resume Example,https://resumekraft.com/chartered-accountant-resume-example-2/,Accounting Finance Resume Samples
135,Administrative Assistant Resume Example,https://resumekraft.com/administrative-assistant-resume-example/,Administration Resume Samples
135,Corporate Affairs Professional Resume Example,https://resumekraft.com/corporate-affairs-professional-resume-example/,Business Resume Examples
135,Registered Nurse Resume Example,https://resumekraft.com/registered-nurse-resume-example-2/,Healthcare Resume Samples
135,Marketing Manager Resume Example,https://resumekraft.com/marketing-manager-resume-example/,Sales and Marketing Resume Samples
135,International Programmes Coordinator Resume Sample,https://resumekraft.com/international-programmes-coordinator-resume-sample/,Administration Resume Samples | Business Resume Examples
135,Golf Instructor Resume Sample,https://resumekraft.com/golf-instructor-resume-sample/,Business Resume Examples | Creative Field Resume Examples
135,Account Executive Resume Sample,https://resumekraft.com/account-executive-resume-sample/,Accounting Finance Resume Samples
136,Operations Coordinator Resume Sample,https://resumekraft.com/operations-coordinator-resume-sample/,Administration Resume Samples
136,Maintenance Technician Resume Sample,https://resumekraft.com/maintenance-technician-resume-sample/,Healthcare Resume Samples
136,Administrative Assistant Resume Sample,https://resumekraft.com/administrative-assistant-resume-sample-2/,Administration Resume Samples
136,Administrator Resume Sample,https://resumekraft.com/administrator-resume-sample/,Administration Resume Samples | IT Resume Samples
136,Research Intern Resume Sample,https://resumekraft.com/research-intern-resume-sample/,Creative Field Resume Examples | Education Resume Examples
136,Software Engineer Resume Sample,https://resumekraft.com/software-engineer-resume-sample-2/,Engineering Resume Examples | IT Resume Samples
136,Medical Representative Resume Sample,https://resumekraft.com/medical-representative-resume-sample/,Healthcare Resume Samples
136,Panning & Manager Core Network Integration Resume,https://resumekraft.com/panning-manager-core-network-integration-resume/,Administration Resume Samples
136,Electronics and Instrumentation Engineer Resume,https://resumekraft.com/electronics-and-instrumentation-engineer-resume/,Engineering Resume Examples | IT Resume Samples
136,Business Management Graduate Resume Sample,https://resumekraft.com/business-management-graduate-resume-sample/,Business Resume Examples
136,Finance Lecturer Resume Sample,https://resumekraft.com/finance-lecturer-resume-sample/,Accounting Finance Resume Samples | Education Resume Examples
136,Communications Specialist Resume Sample,https://resumekraft.com/communications-specialist-resume-sample/,Administration Resume Samples
137,Customer Marketing Junior Manager Resume,https://resumekraft.com/customer-marketing-junior-manager-resume/,Business Resume Examples | Sales and Marketing Resume Samples
137,Customer Service Specialist Resume Sample,https://resumekraft.com/customer-service-specialist-resume-2/,Sales and Marketing Resume Samples
137,Sales Consultant Resume Sample,https://resumekraft.com/sales-consultant-resume-sample-2/,Business Resume Examples | Sales and Marketing Resume Samples
137,Sales Supervisor Resume Sample,https://resumekraft.com/sales-supervisor-resume-sample/,Sales and Marketing Resume Samples
137,Functional Management Resume Sample,https://resumekraft.com/functional-management-resume-sample/,Administration Resume Samples | Creative Field Resume Examples
137,Accounting Information Systems Graduate Resume,https://resumekraft.com/accounting-information-systems-graduate-resume/,Accounting Finance Resume Samples | Sales and Marketing Resume Samples
137,Medical Advisor Sample Resume,https://resumekraft.com/medical-advisor-sample-resume/,Healthcare Resume Samples
137,Finance & Insurance Consultant Sample Resume,https://resumekraft.com/finance-insurance-consultant-sample-resume/,Accounting Finance Resume Samples
137,Content Creator Sample Resume,https://resumekraft.com/content-creator-sample-resume/,Creative Field Resume Examples | IT Resume Samples
137,Product Owner & Innovation Manager Sample Resume,https://resumekraft.com/product-owner-innovation-manager-sample-resume/,Creative Field Resume Examples | IT Resume Samples
137,Senior Mechanical Engineer Sample Resume,https://resumekraft.com/senior-mechanical-engineer-sample-resume/,Engineering Resume Examples
137,IT Operation Management Resume Sample,https://resumekraft.com/it-operation-management-resume-sample/,Administration Resume Samples | IT Resume Samples
138,Electrical Engineer Resume Sample,https://resumekraft.com/electrical-engineer-resume-sample-2/,Engineering Resume Examples
138,Psychiatric Nurse Practitioner Resume,https://resumekraft.com/psychiatric-nurse-practitioner-resume/,Healthcare Resume Samples
138,Affiliate Manager Resume Sample,https://resumekraft.com/affiliate-manager-resume-sample/,Sales and Marketing Resume Samples
138,Third-Party Compliance Manager Resume,https://resumekraft.com/third-party-compliance-manager-resume/,Administration Resume Samples
138,HVAC Engineer Resume Sample,https://resumekraft.com/hvac-engineer-resume-sample/,Engineering Resume Examples
138,Food Safety Consultant Resume Sample,https://resumekraft.com/food-safety-consultant-resume-sample/,Healthcare Resume Samples
138,Marketing Communication CV Example,https://resumekraft.com/marketing-communication-cv-example/,CV Samples | Sales and Marketing Resume Samples
138,Service Delivery Manager Resume Example,https://resumekraft.com/service-delivery-manager-resume-example/,IT Resume Samples
138,Science Teacher Resume Example,https://resumekraft.com/science-teacher-resume-example/,Education Resume Examples
138,Senior Sales Manager Resume Example,https://resumekraft.com/senior-sales-manager-resume-example/,Sales and Marketing Resume Samples
138,Performance Engineer Resume Sample,https://resumekraft.com/performance-engineer-resume-sample/,Engineering Resume Examples
138,Chief Financial Officer Resume Sample,https://resumekraft.com/chief-financial-officer-resume-sample-2/,Accounting Finance Resume Samples
139,Information Systems Intern Resume,https://resumekraft.com/information-systems-intern-resume/,
139,Chartered Accountant Resume Example,https://resumekraft.com/chartered-accountant-resume-example/,
139,Marketing Executive Resume Sample,https://resumekraft.com/marketing-executive-resume-sample-2/,Sales and Marketing Resume Samples
139,Project Engineer Resume Example,https://resumekraft.com/project-engineer-resume-example/,Administration Resume Samples
139,IT Analyst Resume Example,https://resumekraft.com/it-analyst-resume-example/,IT Resume Samples
139,Restaurant Manager Resume Example,https://resumekraft.com/restaurant-manager-resume-example/,Administration Resume Samples
139,Solution Architect Resume Example,https://resumekraft.com/solution-architect-resume-example-2/,
139,Accounting Assistant Resume Example,https://resumekraft.com/accounting-assistant-resume-example/,Accounting Finance Resume Samples
139,Shop Assistant Resume Example,https://resumekraft.com/shop-assistant-resume-example/,Sales and Marketing Resume Samples
139,Art Professor Resume Example,https://resumekraft.com/art-professor-resume-example/,Creative Field Resume Examples
139,Procurement Executive Resume Sample,https://resumekraft.com/procurement-executive-resume-sample/,Sales and Marketing Resume Samples
139,Accountant Resume Sample,https://resumekraft.com/accountant-resume-sample/,Accounting Finance Resume Samples
140,Yoga Teacher Resume Example,https://resumekraft.com/yoga-teacher-resume-example/,Creative Field Resume Examples
140,SQA Engineer Resume Sample,https://resumekraft.com/sqa-engineer-resume-sample-2/,IT Resume Samples
140,Web Developer Resume Sample,https://resumekraft.com/web-developer-resume-sample-2/,IT Resume Samples
140,Finance Controller Resume Sample,https://resumekraft.com/finance-controller-resume-sample/,Accounting Finance Resume Samples
140,Salesforce Developer Resume Sample,https://resumekraft.com/salesforce-developer-resume-sample/,IT Resume Samples
140,Assistant Production Manager Resume,https://resumekraft.com/assistant-production-manager-resume/,Administration Resume Samples
140,General Manager Resume Example,https://resumekraft.com/general-manager-resume-example/,Administration Resume Samples
140,SAP ABAP Developer Resume Example,https://resumekraft.com/sap-abap-developer-resume-example/,IT Resume Samples
140,WordPress Developer Resume Sample,https://resumekraft.com/wordpress-developer-resume-sample/,IT Resume Samples
140,Warehouse In-Charge Resume Example,https://resumekraft.com/warehouse-in-charge-resume-example/,Administration Resume Samples
140,Product Development Lead Resume,https://resumekraft.com/product-development-lead-resume/,
140,Marketing Executive Resume Sample,https://resumekraft.com/marketing-executive-resume-sample/,Sales and Marketing Resume Samples
141,Demonstration Specialist Resume Sample,https://resumekraft.com/demonstration-specialist-resume-sample-2/,Business Resume Examples | Sales and Marketing Resume Samples
141,Supply Chain Manager Resume Sample,https://resumekraft.com/supply-chain-manager-resume-sample/,Administration Resume Samples | Business Resume Examples
141,Project Coordinator Resume Sample,https://resumekraft.com/project-coordinator-resume-sample-3/,Administration Resume Samples
141,Content Creator Resume Sample,https://resumekraft.com/content-creator-resume-sample-2/,
141,Procurement Specialist Resume Sample,https://resumekraft.com/procurement-specialist-resume-sample/,
141,Primary School Teacher Resume Example,https://resumekraft.com/primary-school-teacher-resume-example/,
141,Administration Assistant Resume Sample,https://resumekraft.com/administration-assistant-resume-sample-2/,Administration Resume Samples
141,English Teacher CV Sample,https://resumekraft.com/english-teacher-cv-sample/,Education Resume Examples
141,Aircraft Technician Resume Example,https://resumekraft.com/aircraft-technician-resume-example/,Engineering Resume Examples
141,Azure Administrator Resume Example,https://resumekraft.com/azure-administrator-resume-example/,
141,Motion Graphics Designer Resume Example,https://resumekraft.com/motion-graphics-designer-resume-example/,IT Resume Samples
141,Customer Relation Specialist Resume Example,https://resumekraft.com/customer-relation-specialist-resume-example/,Sales and Marketing Resume Samples
142,System and Database Administrator CV Sample,https://resumekraft.com/system-and-database-administrator-cv-sample/,CV Samples | IT Resume Samples
142,Financial Assistant Resume Example,https://resumekraft.com/financial-assistant-resume-example/,Accounting Finance Resume Samples
142,Talent Acquisition Resume Example,https://resumekraft.com/talent-acquisition-resume-example/,Administration Resume Samples
142,Sales Manager CV Example,https://resumekraft.com/sales-manager-cv-example-2/,Sales and Marketing Resume Samples
142,Technical Support Resume Example,https://resumekraft.com/technical-support-resume-example/,IT Resume Samples
142,HR Administrative Officer Resume,https://resumekraft.com/hr-administrative-officer-resume/,Administration Resume Samples
142,RPA Developer Resume Example,https://resumekraft.com/rpa-developer-resume-example/,IT Resume Samples
142,Sales Director Resume Example,https://resumekraft.com/sales-director-resume-example/,Sales and Marketing Resume Samples
142,Drupal Developer Resume Example,https://resumekraft.com/drupal-developer-resume-example/,IT Resume Samples
142,Freight Manager Resume Example,https://resumekraft.com/freight-manager-resume-example/,Business Resume Examples
142,Data Analyst Resume Example,https://resumekraft.com/data-analyst-resume-example/,IT Resume Samples
142,Sales Coordinator Resume Example,https://resumekraft.com/sales-coordinator-resume-example/,
143,Process Associate Resume Sample,https://resumekraft.com/process-associate-resume-sample/,
143,Freight Forwarder Resume Sample,https://resumekraft.com/freight-forwarder-resume-sample/,
143,Digital Marketing Manager Resume Sample,https://resumekraft.com/digital-marketing-manager-resume-sample/,
143,Demonstration Specialist Resume Sample,https://resumekraft.com/demonstration-specialist-resume-sample/,
143,Service Quality Manager Resume Sample,https://resumekraft.com/service-quality-manager-resume-sample/,
143,Copy Writer Resume Sample,https://resumekraft.com/copy-writer-resume-sample/,
143,Music Teacher Resume Sample,https://resumekraft.com/music-teacher-resume-sample/,
143,Primary Teacher Resume Sample,https://resumekraft.com/primary-teacher-resume-sample/,
143,Operations Manager Resume Sample,https://resumekraft.com/operations-manager-resume-sample-3/,
143,Investment Executive Resume Sample,https://resumekraft.com/investment-executive-resume-sample/,
143,Banking Services Officer Resume Sample,https://resumekraft.com/banking-services-officer-resume-sample/,
143,Procurement Manager Resume Sample,https://resumekraft.com/procurement-manager-resume-sample-2/,
144,Quality Assurance Tester Resume Example,https://resumekraft.com/quality-assurance-tester-resume-example/,
144,QA Engineer Resume Sample,https://resumekraft.com/qa-engineer-resume-sample-2/,
144,Cabin Manager Resume sample,https://resumekraft.com/cabin-manager-resume-sample/,
144,Sales Associate Resume Sample,https://resumekraft.com/sales-associate-resume-sample-2/,
144,Writer Resume Sample,https://resumekraft.com/writer-resume-sample/,
144,Psychologist Resume Sample,https://resumekraft.com/psychologist-resume-sample/,
144,Certified Human Resources Professional Resume Sample,https://resumekraft.com/certified-human-resources-professional-resume-sample/,
144,Digital Marketing Specialist Resume Example,https://resumekraft.com/digital-marketing-specialist-resume-example/,
144,Caregiver Resume Example,https://resumekraft.com/caregiver-resume-example/,
144,Laboratory Technician Resume Sample,https://resumekraft.com/laboratory-technician-resume-sample/,
144,Chartered Accountant Resume Sample,https://resumekraft.com/chartered-accountant-resume-sample/,
144,IT Support Analyst Resume Sample,https://resumekraft.com/it-support-analyst-resume-sample/,
145,Network Engineer Resume Sample,https://resumekraft.com/network-engineer-resume-sample/,
145,Landscape Architect Resume Sample,https://resumekraft.com/landscape-architect-resume-sample/,
145,Quality Assurance Resume Sample,https://resumekraft.com/quality-assurance-resume-sample-3/,
145,Business Development Executive Resume Sample,https://resumekraft.com/business-development-executive-resume-sample/,
145,Marketing Manager Resume Sample,https://resumekraft.com/marketing-manager-resume-sample/,
145,Development Consultant Resume Sample,https://resumekraft.com/development-consultant-resume-sample/,
145,Account Manager Resume Template,https://resumekraft.com/account-manager-resume-template/,
145,AWS Certified Developer Resume Sample,https://resumekraft.com/aws-certified-developer-resume-sample/,
145,Certified Personal Trainer Resume Sample,https://resumekraft.com/certified-personal-trainer-resume-sample/,
145,Senior Talent Acquisition Analyst Resume Sample,https://resumekraft.com/senior-talent-acquisition-analyst-resume-sample/,
145,Business Development Manager Resume,https://resumekraft.com/business-development-manager-resume/,
145,Energy Engineer Resume Sample,https://resumekraft.com/energy-engineer-resume-sample/,
146,Photographer Resume Sample,https://resumekraft.com/photographer-resume-sample-2/,
146,Java Developer Resume Sample,https://resumekraft.com/java-developer-resume-sample-2/,
146,Retail Assistant Resume Sample,https://resumekraft.com/retail-assistant-resume-sample/,
146,IoT Application Development Resume,https://resumekraft.com/iot-application-development-resume/,
146,Software Quality Assurance Engineer Resume,https://resumekraft.com/software-quality-assurance-engineer-resume-2/,
146,Azure Cloud Engineer Resume Sample,https://resumekraft.com/azure-cloud-engineer-resume-sample/,
146,Registered clinical officer Resume,https://resumekraft.com/registered-clinical-officer-resume/,
146,Data Engineering Resume Sample,https://resumekraft.com/data-engineering-resume-sample/,
146,Accounts Receivable Specialist Resume Sample,https://resumekraft.com/accounts-receivable-specialist-resume-sample/,
146,Field Technician Resume Template,https://resumekraft.com/field-technician-resume-template/,
146,Commercial Financial Analyst Resume Template,https://resumekraft.com/commercial-financial-analyst-resume-template/,
146,Account Executive Resume Template,https://resumekraft.com/account-executive-resume-template/,
147,Sales Professional Resume Template,https://resumekraft.com/sales-professional-resume-template/,
147,Business Consultant Resume Template,https://resumekraft.com/business-consultant-resume-template/,
147,Environmental Engineer Resume Template,https://resumekraft.com/environmental-engineer-resume-template/,
147,Aerospace Engineering Resume Template,https://resumekraft.com/aerospace-engineering-resume-template/,
147,IT Manager Resume Template,https://resumekraft.com/it-manager-resume-template/,
147,Software Engineer Resume Template,https://resumekraft.com/software-engineer-resume-template-2/,
147,Product Analyst Resume Template,https://resumekraft.com/product-analyst-resume-template/,
147,Agile Project Manager Resume Template,https://resumekraft.com/agile-project-manager-resume-template/,
147,Functional Consultant Resume Template,https://resumekraft.com/functional-consultant-resume-template/,
147,Business Analyst Resume Template,https://resumekraft.com/business-analyst-resume-template/,
147,Information Systems Resume Template,https://resumekraft.com/information-systems-resume-template/,
147,Health Teacher Resume Template,https://resumekraft.com/health-teacher-resume-template/,
148,Accounts Payable Specialist Resume,https://resumekraft.com/accounts-payable-specialist-resume/,
148,Finance Investment Resume Template,https://resumekraft.com/finance-investment-resume-template/,
148,Cosmetologist Resume Template,https://resumekraft.com/cosmetologist-resume-template/,
148,Customer Service Specialist Resume,https://resumekraft.com/customer-service-specialist-resume/,
148,Journalist Resume Template,https://resumekraft.com/journalist-resume-template/,
148,Junior Software Engineer Resume Template,https://resumekraft.com/junior-software-engineer-resume-template/,
148,Audit Supervisor Resume Template,https://resumekraft.com/audit-supervisor-resume-template/,
148,Registered Nurse Resume Template,https://resumekraft.com/registered-nurse-resume-template/,
148,Facebook Ads Manager Resume Template,https://resumekraft.com/facebook-ads-manager-resume-template/,
148,Sales Merchandiser Resume Template,https://resumekraft.com/sales-merchandiser-resume-template/,
148,Intern Mobile application development Resume,https://resumekraft.com/intern-mobile-application-development-resume/,
148,Senior Business Analyst Resume Template,https://resumekraft.com/senior-business-analyst-resume-template/,
149,Public Health Officer Resume Template,https://resumekraft.com/public-health-officer-resume-template/,CV Template
149,Project Manager Resume Template,https://resumekraft.com/project-manager-resume-template/,CV Samples
149,Hospital Administrator Resume Template,https://resumekraft.com/hospital-administrator-resume-template/,
149,Junior C# Developer Resume Template,https://resumekraft.com/junior-c-developer-resume-template/,
149,Administrator Resume Template,https://resumekraft.com/administrator-resume-template/,
149,Author Resume Template,https://resumekraft.com/author-resume-template/,
149,Program Management & Operations Resume Template,https://resumekraft.com/program-management-and-operations-resume-template/,
149,Business Administrator Resume Template,https://resumekraft.com/business-administrator-resume-template/,
149,Student Resume Template,https://resumekraft.com/student-resume-template/,
149,DevOps Engineer Resume Template,https://resumekraft.com/devops-engineer-resume-template/,
149,Travel Agent Resume Template,https://resumekraft.com/travel-agent-resume-template/,
149,Quality Engineer Resume Template,https://resumekraft.com/quality-engineer-resume-template/,
150,Assistant Accountant Resume Template,https://resumekraft.com/assistant-accountant-resume-template/,CV Samples | CV Template
150,Game Organizer Resume Template,https://resumekraft.com/game-organizer-resume-template/,CV Samples | CV Template
150,PHP Developer Resume Template,https://resumekraft.com/php-developer-resume-template/,CV Samples | CV Template
150,Primary Teacher Resume Template,https://resumekraft.com/primary-teacher-resume-template/,CV Samples | CV Template
150,Nurturer Resume Template,https://resumekraft.com/nurturer-resume-template/,CV Samples | CV Template
150,Junior Software Engineer Template,https://resumekraft.com/junior-software-engineer-template/,CV Samples | CV Template
150,Project Coordinator Resume Template,https://resumekraft.com/project-coordinator-resume-template/,CV Samples | CV Template
150,Sales Manager Resume Template,https://resumekraft.com/sales-manager-resume-template/,CV Samples | CV Template
150,Software Engineer Resume Template,https://resumekraft.com/software-engineer-resume-template/,CV Samples | CV Template
150,Food Technologist CV Sample,https://resumekraft.com/food-technologist-cv-sample/,CV Samples | CV Template
150,Audit-In-charge CV Sample,https://resumekraft.com/audit-in-charge-cv-sample/,CV Samples | CV Template
150,Chemical Engineering Graduate CV Sample,https://resumekraft.com/chemical-engineering-graduate-cv-sample/,CV Samples | CV Template
151,Dietitian CV Sample,https://resumekraft.com/dietitian-cv-sample/,CV Samples | CV Template
151,Operations Manager CV Sample,https://resumekraft.com/operations-manager-cv-sample-3/,CV Samples | CV Template
151,BI Data Analyst CV Sample,https://resumekraft.com/bi-data-analyst-cv-sample/,CV Samples | CV Template
151,Quality Assurance Manager CV Sample,https://resumekraft.com/quality-assurance-manager-cv-sample/,CV Samples
151,Senior Project Manager CV Sample,https://resumekraft.com/senior-project-manager-cv-sample/,CV Samples | CV Template
151,Import Export Trader CV Sample,https://resumekraft.com/import-export-trader-cv-sample/,CV Samples | CV Template
151,Fitness Instructor CV Example,https://resumekraft.com/fitness-instructor-cv-example/,CV Samples | CV Template
151,Aeronautical Engineer CV Sample,https://resumekraft.com/aeronautical-engineer-cv-sample/,CV Samples | CV Template
151,Digital Marketing CV Example,https://resumekraft.com/digital-marketing-cv-example/,CV Samples | CV Template
151,Electrical Design Engineer CV Sample,https://resumekraft.com/electrical-design-engineer-cv-sample/,CV Samples | CV Template
151,Senior Manager CV Example,https://resumekraft.com/senior-manager-cv-example/,CV Samples | CV Template
151,Sales Manager CV Example,https://resumekraft.com/sales-manager-cv-example/,CV Samples | CV Template
152,Assistant Manager Sales CV Sample,https://resumekraft.com/assistant-manager-sales-cv-sample/,CV Samples | CV Template
152,Civil Engineer CV Example,https://resumekraft.com/civil-engineer-cv-example/,CV Samples | CV Template
152,Social Activist CV Example,https://resumekraft.com/social-activist-cv-example/,CV Samples | CV Template
152,Warehouse Operations CV Sample,https://resumekraft.com/warehouse-operations-cv-sample/,CV Samples | CV Template
152,Certified Prosthetist & Orthotist CV Sample,https://resumekraft.com/certified-prosthetist-and-orthotist-cv-sample/,CV Samples | CV Template
152,Supply Chain Operations CV Example,https://resumekraft.com/supply-chain-operations-cv-example/,CV Samples | CV Template
152,Warehouse Associate CV Sample,https://resumekraft.com/warehouse-associate-cv-sample/,CV Samples | CV Template
152,Technical Analyst CV Example,https://resumekraft.com/technical-analyst-cv-example/,CV Samples | CV Template
152,Senior Software Engineer CV Sample,https://resumekraft.com/senior-software-engineer-cv-sample-2/,CV Samples | CV Template
152,Company Secretary CV Sample,https://resumekraft.com/company-secretary-cv-sample/,CV Samples | CV Template
152,Office Manager CV Example,https://resumekraft.com/office-manager-cv-example/,CV Samples | CV Template
152,Campaign Management Officer CV Example,https://resumekraft.com/campaign-management-officer-cv-example/,CV Samples | CV Template
153,Internship CV Example,https://resumekraft.com/internship-cv-example/,CV Samples | CV Template
153,Senior Chef CV Example,https://resumekraft.com/senior-chef-cv-example/,CV Samples | CV Template
153,Medical Office Specialist CV Example,https://resumekraft.com/medical-office-specialist-cv-example/,CV Samples | CV Template
153,Corporate Planning CV Example,https://resumekraft.com/corporate-planning-cv-example/,CV Samples | CV Template
153,Technician CV Example,https://resumekraft.com/technician-cv-example/,CV Samples | CV Template
153,Design Engineer CV Example,https://resumekraft.com/design-engineer-cv-example/,CV Samples | CV Template
153,Interior Architect CV Example,https://resumekraft.com/interior-architect-cv-example/,CV Samples | CV Template
153,Software Test Engineer CV Example,https://resumekraft.com/software-test-engineer-cv-example/,CV Samples | CV Template
153,Chartered Accountant CV Example,https://resumekraft.com/chartered-accountant-cv-example/,CV Samples | CV Template
153,ESL Teacher CV Example,https://resumekraft.com/esl-teacher-cv-example/,CV Samples | CV Template
153,Personal Trainer CV Sample,https://resumekraft.com/personal-trainer-cv-sample/,CV Samples | CV Template
153,Healthcare Management Specialist CV Example,https://resumekraft.com/healthcare-management-specialist-cv-example/,CV Samples | CV Template
154,IT Manager CV Example,https://resumekraft.com/it-manager-cv-example/,CV Samples | CV Template
154,Online Merchandiser CV Example,https://resumekraft.com/online-merchandiser-cv-example/,CV Samples | CV Template
154,Biotechnologist CV Example,https://resumekraft.com/biotechnologist-cv-example/,CV Samples | CV Template
154,Senior Test Engineer CV Sample,https://resumekraft.com/senior-test-engineer-cv-sample/,CV Samples | CV Template
154,Accounting Student CV Resume,https://resumekraft.com/accounting-student-cv-resume/,CV Samples | CV Template
154,Financial Analyst CV Sample,https://resumekraft.com/financial-analyst-cv-sample-2/,CV Samples | CV Template
154,Technical Support CV Sample,https://resumekraft.com/technical-support-cv-sample/,CV Samples | CV Template
154,Senior Business Analyst CV Sample,https://resumekraft.com/senior-business-analyst-cv-sample/,CV Samples | CV Template
154,Digital Marketing Executive CV Sample,https://resumekraft.com/digital-marketing-executive-cv-sample/,CV Samples | CV Template
154,Aircraft Maintenance Engineer CV Sample,https://resumekraft.com/aircraft-maintenance-engineer-cv-sample/,CV Samples | CV Template
154,Sales Manager CV Sample,https://resumekraft.com/sales-manager-cv-sample-2/,CV Samples | CV Template
154,Portfolio Manager CV Sample,https://resumekraft.com/portfolio-manager-cv-sample/,CV Samples | CV Template
155,Robotic Process Automation Engineer CV Sample,https://resumekraft.com/robotic-process-automation-engineer-cv-sample/,CV Samples | CV Template
155,Inventory Specialist CV Sample,https://resumekraft.com/inventory-specialist-cv-sample/,CV Samples | CV Template
155,Product Engineer CV Sample,https://resumekraft.com/product-engineer-cv-sample/,CV Samples | CV Template
155,Android Developer CV Sample,https://resumekraft.com/android-developer-cv-sample/,CV Samples | CV Template
155,Marketing Specialist CV Sample,https://resumekraft.com/marketing-specialist-cv-sample/,CV Samples | CV Template
155,Account Manager CV Sample,https://resumekraft.com/account-manager-cv-sample/,CV Samples | CV Template
155,OLE Design Engineer CV Sample,https://resumekraft.com/ole-design-engineer-cv-sample/,CV Samples | CV Template
155,Business Intelligence Analyst CV Sample,https://resumekraft.com/business-intelligence-analyst-cv-sample/,CV Samples | CV Template
155,Cloud Architect CV Sample,https://resumekraft.com/cloud-architect-cv-sample/,CV Samples | CV Template
155,Dot Net Developer CV Sample,https://resumekraft.com/dot-net-developer-cv-sample/,CV Samples | CV Template
155,Hair Stylist CV Sample,https://resumekraft.com/hair-stylist-cv-sample/,CV Samples | CV Template
155,Database Administrator CV Sample,https://resumekraft.com/database-administrator-cv-sample/,CV Samples | CV Template
156,Chemical Engineering CV Sample,https://resumekraft.com/chemical-engineering-cv-sample/,CV Samples | CV Template
156,Customer Service Agent CV Sample,https://resumekraft.com/customer-service-agent-cv-sample/,CV Samples | CV Template
156,Senior Mechanical Engineer CV Sample,https://resumekraft.com/senior-mechanical-engineer-cv-sample/,CV Samples | CV Template
156,DevOps Engineer CV Sample,https://resumekraft.com/devops-engineer-cv-sample/,CV Samples | CV Template
156,HR Talent Acquisition CV Sample,https://resumekraft.com/hr-talent-acquisition-cv-sample/,CV Samples | CV Template
156,Front-end Developer CV Sample,https://resumekraft.com/front-end-developer-cv-sample/,CV Samples | CV Template
156,Accountant CV Sample,https://resumekraft.com/accountant-cv-sample-2/,CV Samples | CV Template
156,Marketing Communications Manager CV Sample,https://resumekraft.com/marketing-communications-manager-cv-sample/,CV Samples | CV Template
156,Data Consultant CV Sample,https://resumekraft.com/data-consultant-cv-sample/,CV Samples | CV Template
156,Intern Environmental Engineer CV Sample,https://resumekraft.com/intern-environmental-engineer-cv-sample/,CV Samples | CV Template
156,Project Manager CV Sample,https://resumekraft.com/project-manager-cv-sample/,CV Samples | CV Template
156,Systems Maintenance Specialist CV Sample,https://resumekraft.com/systems-maintenance-specialist-cv-sample/,CV Samples | CV Template
157,Food Steward CV Sample,https://resumekraft.com/food-steward-cv-sample/,CV Samples | CV Template
157,Geologist CV Sample,https://resumekraft.com/geologist-cv-sample/,CV Samples | CV Template
157,Assistant Urban Designer CV Sample,https://resumekraft.com/assistant-urban-designer-cv-sample/,CV Samples | CV Template
157,Warehouse Assistant CV Sample,https://resumekraft.com/warehouse-assistant-cv-sample/,CV Samples | CV Template
157,System Administrator CV Sample,https://resumekraft.com/system-administrator-cv-sample/,CV Samples | CV Template
157,Junior Sales Assistant CV Sample,https://resumekraft.com/junior-sales-assistant-cv-sample/,CV Samples | CV Template
157,Quality Manager CV Sample,https://resumekraft.com/quality-manager-cv-sample/,CV Samples | CV Template
157,Architect CV Sample,https://resumekraft.com/architect-cv-sample/,CV Samples | CV Template
157,Data scientist CV Sample,https://resumekraft.com/data-scientist-cv-sample-2/,CV Samples | CV Template
157,Salesforce Developer CV Sample,https://resumekraft.com/salesforce-developer-cv-sample/,CV Samples | CV Template
157,Sr Web Developer CV Sample,https://resumekraft.com/sr-web-developer-cv-sample/,CV Samples | CV Template
157,Political Data Analyst CV Sample,https://resumekraft.com/political-data-analyst-cv-sample/,CV Samples | CV Template
158,IT Business Analyst CV Sample,https://resumekraft.com/it-business-analyst-cv-sample/,CV Samples | CV Template
158,Sales Assistant CV Sample,https://resumekraft.com/sales-assistant-cv-sample/,CV Samples | CV Template
158,Administrator Assistant CV Sample,https://resumekraft.com/administrator-assistant-cv-sample/,CV Samples | CV Template
158,Senior Data Engineer CV Sample,https://resumekraft.com/senior-data-engineer-cv-sample/,CV Samples | CV Template
158,Registered Nurse CV Sample,https://resumekraft.com/registered-nurse-cv-sample/,CV Samples | CV Template
158,GIS Engineer CV Sample,https://resumekraft.com/gis-engineer-cv-sample/,CV Samples | CV Template
158,Coaching Associate CV Sample,https://resumekraft.com/coaching-associate-cv-sample/,CV Samples | CV Template
158,Accounts Executive CV Sample,https://resumekraft.com/accounts-executive-cv-sample/,CV Samples | CV Template
158,Secondary School Teacher CV Sample,https://resumekraft.com/secondary-school-teacher-cv-sample/,CV Samples | CV Template
158,Engineering Student CV Sample,https://resumekraft.com/engineering-student-cv-sample/,CV Samples | CV Template
158,Credit Operation Executive CV Sample,https://resumekraft.com/credit-operation-executive-cv-sample/,CV Samples | CV Template
158,AWS DevOps Engineer CV Sample,https://resumekraft.com/aws-devops-engineer-cv-sample/,CV Samples | CV Template
159,French Teacher CV Sample,https://resumekraft.com/french-teacher-cv-sample/,CV Samples | CV Template
159,Software Operations Manager CV Sample,https://resumekraft.com/software-operations-manager-cv-sample/,CV Samples | CV Template
159,Electrical Engineer CV Sample,https://resumekraft.com/electrical-engineer-cv-sample/,CV Samples | CV Template
159,Financial Liaison CV Sample,https://resumekraft.com/financial-liaison-cv-sample/,CV Samples | CV Template
159,Senior Software Engineer CV Sample,https://resumekraft.com/senior-software-engineer-cv-sample/,CV Samples | CV Template
159,IT Specialist CV Sample,https://resumekraft.com/it-specialist-cv-sample/,CV Samples | CV Template
159,Mechanical Engineer CV Sample,https://resumekraft.com/mechanical-engineer-cv-sample/,CV Samples | CV Template
159,Digital Marketing Specialist CV Sample,https://resumekraft.com/digital-marketing-specialist-cv-sample/,CV Samples | CV Template
159,Graduate Engineer Trainee CV Sample,https://resumekraft.com/graduate-engineer-trainee-cv-sample/,CV Samples | CV Template
159,Facilitator CV Sample,https://resumekraft.com/facilitator-cv-sample/,CV Samples | CV Template
159,Customer Service Representative CV Sample,https://resumekraft.com/customer-service-representative-cv-sample/,CV Samples | CV Template
159,Design Engineer CV Sample,https://resumekraft.com/design-engineer-cv-sample/,CV Samples | CV Template
160,Photographer CV Sample,https://resumekraft.com/photographer-cv-sample/,CV Samples | CV Template
160,Music Educator CV Sample,https://resumekraft.com/music-educator-cv-sample/,CV Samples | CV Template
160,Operations Manager CV Sample,https://resumekraft.com/operations-manager-cv-sample-2/,CV Samples | CV Template
160,SAP HCM Consultant CV Sample,https://resumekraft.com/sap-hcm-consultant-cv-sample/,CV Samples | CV Template
160,Sales Associate CV Sample,https://resumekraft.com/sales-associate-cv-sample/,CV Samples | CV Template
160,Pharmacist CV Sample,https://resumekraft.com/pharmacist-cv-sample/,CV Samples | CV Template
160,Financial Analyst CV Sample,https://resumekraft.com/financial-analyst-cv-sample/,CV Samples | CV Template
160,Student CV Sample Template,https://resumekraft.com/student-cv-sample-template/,CV Samples | CV Template
160,Business Development Manager CV Sample,https://resumekraft.com/business-development-manager-cv-sample/,CV Samples | CV Template
160,Maintenance Manager CV Sample,https://resumekraft.com/maintenance-manager-cv-sample/,CV Samples | CV Template
160,Accountant CV Sample,https://resumekraft.com/accountant-cv-sample/,CV Samples | CV Template
160,Purchase Manager CV Sample,https://resumekraft.com/purchase-manager-cv-sample/,CV Samples | CV Template
161,IT Support Analyst CV Sample,https://resumekraft.com/it-support-analyst-cv-sample/,CV Samples | CV Template
161,Quality Control Specialist CV Sample,https://resumekraft.com/quality-control-specialist-cv-sample/,CV Samples | CV Template
161,Operations Manager CV Sample,https://resumekraft.com/operations-manager-cv-sample/,CV Samples | CV Template
161,Student CV Sample,https://resumekraft.com/student-cv-sample/,CV Samples | CV Template
161,Data Scientist CV Sample,https://resumekraft.com/data-scientist-cv-sample/,CV Samples | CV Template
161,Logistics Specialist CV Sample,https://resumekraft.com/logistics-specialist-cv-sample/,CV Samples | CV Template
161,Software Engineer CV Sample,https://resumekraft.com/software-engineer-cv-sample/,CV Samples | CV Template
161,Special Education Specialist CV Sample,https://resumekraft.com/special-education-specialist-cv-sample/,CV Samples | CV Template
161,HSE Executive CV Template,https://resumekraft.com/hse-executive-cv-template/,CV Samples | CV Template
161,Civil Engineer CV Sample,https://resumekraft.com/civil-engineer-cv-sample/,CV Samples | CV Template
161,Senior Assistant Producer CV Sample,https://resumekraft.com/senior-assistant-producer-cv-sample/,CV Samples | CV Template
161,UI Developer CV Sample,https://resumekraft.com/ui-developer-cv-sample/,CV Samples | CV Template
162,Supply Chain Manager CV Sample,https://resumekraft.com/supply-chain-manager-cv-sample/,CV Samples | CV Template
162,Retail Sales Associate CV Sample,https://resumekraft.com/retail-sales-associate-cv-sample/,CV Samples | CV Template
162,Administrative Officer CV Sample,https://resumekraft.com/administrative-officer-cv-sample/,CV Samples | CV Template
162,Territory Sales Manager CV Sample,https://resumekraft.com/territory-sales-manager-cv-sample/,CV Samples | CV Template
162,Sales Manager CV Sample,https://resumekraft.com/sales-manager-cv-sample/,CV Samples | CV Template
162,Project Manager CV Template,https://resumekraft.com/project-manager-cv-template/,CV Samples | CV Template
162,Systems Engineer CV Template,https://resumekraft.com/systems-engineer-cv-template/,CV Samples | CV Template
162,Executive Assistant CV Template,https://resumekraft.com/executive-assistant-cv-template/,CV Samples | CV Template
162,Lead Server CV Template,https://resumekraft.com/lead-server-cv-template/,CV Samples | CV Template
162,Material Engineer CV Template,https://resumekraft.com/material-engineer-cv-template/,CV Samples | CV Template
162,Technical Support Engineer CV Template,https://resumekraft.com/technical-support-engineer-cv-template/,CV Samples | CV Template
162,3D Modeller CV Template,https://resumekraft.com/3d-modeller-cv-template/,CV Samples | CV Template
163,General Administration Manager CV Template,https://resumekraft.com/general-administration-manager-cv-template/,CV Samples | CV Template
163,Customer Service Expert CV Template,https://resumekraft.com/customer-service-expert-cv-template/,CV Samples | CV Template
163,Supply Chain Operations CV Template,https://resumekraft.com/supply-chain-operations-cv-template/,CV Samples | CV Template
163,Senior Full-Stack Developer CV Template,https://resumekraft.com/senior-full-stack-developer-cv-template/,CV Samples | CV Template
163,Senior Accountant CV Template,https://resumekraft.com/senior-accountant-cv-template/,CV Samples | CV Template
163,Customer Experience Executive CV Template,https://resumekraft.com/customer-experience-executive-cv-template/,CV Samples | CV Template
163,Senior Front-End Developer CV Template,https://resumekraft.com/senior-front-end-developer-cv-template/,CV Samples | CV Template
163,Human Resource Manager CV Template,https://resumekraft.com/human-resource-manager-cv-template/,CV Samples | CV Template
163,Head of Sales CV Template,https://resumekraft.com/head-of-sales-cv-template/,CV Samples | CV Template
163,Process Developer CV Template,https://resumekraft.com/process-developer-cv-template/,CV Samples | CV Template
163,Facilitator CV Template,https://resumekraft.com/facilitator-cv-template/,CV Samples | CV Template
163,Technical Support Representative CV Template,https://resumekraft.com/technical-support-representative-cv-template/,CV Samples | CV Template
164,NOC Engineer CV Template,https://resumekraft.com/noc-engineer-cv-template/,CV Samples | CV Template
164,ESL Teacher CV Template,https://resumekraft.com/esl-teacher-cv-template/,CV Samples | CV Template
164,Molecular Biology Internship CV Template,https://resumekraft.com/molecular-biology-internship-cv-template/,CV Samples | CV Template
164,Scrum Master Resume Example,https://resumekraft.com/scrum-master-resume-example/,Business Resume Examples | IT Resume Samples
164,Founder Resume Sample,https://resumekraft.com/founder-resume-sample/,Business Resume Examples
164,Executive Human Resources Management Resume,https://resumekraft.com/executive-human-resources-management-resume/,Administration Resume Samples
164,Retail Professional Resume Sample,https://resumekraft.com/retail-professional-resume-sample/,Sales and Marketing Resume Samples
164,Technical Odoo Developer Resume Sample,https://resumekraft.com/technical-odoo-developer-resume-sample/,IT Resume Samples
164,Technical Designer Resume Sample,https://resumekraft.com/technical-designer-resume-sample/,Engineering Resume Examples | IT Resume Samples
164,Accounting Student Resume Sample,https://resumekraft.com/accounting-student-resume-sample/,Accounting Finance Resume Samples
164,Junior Financial Analyst Resume,https://resumekraft.com/junior-financial-analyst-resume/,Accounting Finance Resume Samples
164,Project Coordinator Resume Sample,https://resumekraft.com/project-coordinator-resume-sample-2/,Administration Resume Samples
165,Translator News Analyst Resume Sample,https://resumekraft.com/translator-news-analyst-resume-sample/,Education Resume Examples
165,Customer Success Manager Resume,https://resumekraft.com/customer-success-manager-resume/,Business Resume Examples | IT Resume Samples
165,Senior HR Business Partner Resume,https://resumekraft.com/senior-hr-business-partner-resume/,Administration Resume Samples | Business Resume Examples
165,Data Scientist Resume Example,https://resumekraft.com/data-scientist-resume-example-2/,IT Resume Samples
165,Project Manager Resume Example,https://resumekraft.com/project-manager-resume-example-2/,Administration Resume Samples | Business Resume Examples
165,Sales Executive Resume Example,https://resumekraft.com/sales-executive-resume-example-2/,Sales and Marketing Resume Samples
165,Software Testing Resume Sample,https://resumekraft.com/software-testing-resume-sample/,IT Resume Samples
165,Junior Sales Assistant Resume Example,https://resumekraft.com/junior-sales-assistant-resume-example/,Sales and Marketing Resume Samples
165,Marketing Intern Resume Sample,https://resumekraft.com/marketing-intern-resume-sample/,Sales and Marketing Resume Samples
165,Software Quality Assurance Engineer Resume,https://resumekraft.com/software-quality-assurance-engineer-resume/,IT Resume Samples
165,Training Instructor Resume Sample,https://resumekraft.com/training-instructor-resume-sample/,Education Resume Examples | IT Resume Samples
165,Education Specialist Resume Example,https://resumekraft.com/education-specialist-resume-example/,Education Resume Examples
166,Head of Sales Resume Sample,https://resumekraft.com/head-of-sales-resume-sample/,Sales and Marketing Resume Samples
166,Project Management Intern Resume Sample,https://resumekraft.com/project-management-intern-resume-sample/,Administration Resume Samples | Business Resume Examples
166,Learning and Development Manager Resume,https://resumekraft.com/learning-and-development-manager-resume/,Administration Resume Samples | Business Resume Examples | Education Resume Examples
166,Software Tester Resume Example,https://resumekraft.com/software-tester-resume-example-2/,IT Resume Samples
166,Chemist Resume Example,https://resumekraft.com/chemist-resume-example/,Administration Resume Samples | Business Resume Examples
166,Senior Procurement Specialist  Resume,https://resumekraft.com/senior-procurement-specialist-resume/,Administration Resume Samples | Business Resume Examples | Sales and Marketing Resume Samples
166,Customer Success Manager Resume Sample,https://resumekraft.com/customer-success-manager-resume-sample-2/,Administration Resume Samples | Sales and Marketing Resume Samples
166,Horticulturist Resume Sample,https://resumekraft.com/horticulturist-resume-sample/,Creative Field Resume Examples
166,Customer Service Representative Resume Example,https://resumekraft.com/customer-service-representative-resume-example/,Administration Resume Samples | Sales and Marketing Resume Samples
166,Business Graduate Resume Sample,https://resumekraft.com/business-graduate-resume-sample/,Business Resume Examples | Education Resume Examples | Sales and Marketing Resume Samples
166,Financial Analyst Resume Sample,https://resumekraft.com/financial-analyst-resume-sample/,Accounting Finance Resume Samples
166,Relationship Manager Resume Example,https://resumekraft.com/relationship-manager-resume-example/,Administration Resume Samples | Business Resume Examples
167,Economist Resume Sample,https://resumekraft.com/economist-resume-sample/,Accounting Finance Resume Samples | Administration Resume Samples | Business Resume Examples
167,Mining Engineer Resume Sample,https://resumekraft.com/mining-engineer-resume-sample/,Engineering Resume Examples
167,Shipper and Receiver Resume Sample,https://resumekraft.com/shipper-and-receiver-resume-sample/,Administration Resume Samples
167,Application Specialist Resume Sample,https://resumekraft.com/application-specialist-resume-sample/,Engineering Resume Examples | IT Resume Samples
167,Sound Manager Resume Sample,https://resumekraft.com/sound-manager-resume-sample/,Engineering Resume Examples
167,Cashier Resume Example,https://resumekraft.com/cashier-resume-example/,Administration Resume Samples | Sales and Marketing Resume Samples
167,Physical Therapist Resume Sample,https://resumekraft.com/physical-therapist-resume-sample/,Healthcare Resume Samples
167,Administrative Manager Resume Sample,https://resumekraft.com/administrative-manager-resume-sample/,Administration Resume Samples | Business Resume Examples
167,Internship Resume Sample,https://resumekraft.com/internship-resume-sample/,Education Resume Examples | Uncategorized
167,Integration Project Chief Resume Sample,https://resumekraft.com/integration-project-chief-resume-sample/,Engineering Resume Examples
167,Civil Site Engineer Resume Sample,https://resumekraft.com/civil-site-engineer-resume-sample/,Engineering Resume Examples
167,Journalist Resume Sample,https://resumekraft.com/journalist-resume-sample-2/,Creative Field Resume Examples | Education Resume Examples
168,Food Technologist Resume Sample,https://resumekraft.com/food-technologist-resume-sample/,Healthcare Resume Samples
168,Data Scientist Resume Example,https://resumekraft.com/data-scientist-resume-example/,IT Resume Samples
168,Educational Consultant Resume Sample,https://resumekraft.com/educational-consultant-resume-sample/,Education Resume Examples
168,Administrative Assistant Resume Sample,https://resumekraft.com/administrative-assistant-resume-sample/,Administration Resume Samples
168,Assistant Human Resources Resume Sample,https://resumekraft.com/assistant-human-resources-resume-sample/,Administration Resume Samples
168,Senior Android Engineer Resume Sample,https://resumekraft.com/senior-android-engineer-resume-sample/,IT Resume Samples
168,Senior Civil Engineer Resume Sample,https://resumekraft.com/senior-civil-engineer-resume-sample/,Engineering Resume Examples
168,Development Engineer Resume Sample,https://resumekraft.com/development-engineer-resume-sample/,Creative Field Resume Examples | IT Resume Samples
168,Billing Representative Resume Sample,https://resumekraft.com/billing-representative-resume-sample/,Administration Resume Samples
168,Mobility Engineer Resume Sample,https://resumekraft.com/mobility-engineer-resume-sample/,IT Resume Samples
168,UX Designer Resume Sample,https://resumekraft.com/ux-designer-resume-sample/,Creative Field Resume Examples | IT Resume Samples
168,Software Architect Resume Sample,https://resumekraft.com/software-architect-resume-sample/,IT Resume Samples
169,Client Services Resume Sample,https://resumekraft.com/client-services-resume-sample/,Administration Resume Samples | Business Resume Examples | Sales and Marketing Resume Samples
169,Software Tester Resume Example,https://resumekraft.com/software-tester-resume-example/,IT Resume Samples
169,Web Developer Resume Sample,https://resumekraft.com/web-developer-resume-sample/,IT Resume Samples
169,Registered Nurse Resume Example,https://resumekraft.com/registered-nurse-resume-example/,Healthcare Resume Samples
169,Shopper Marketing Assistant Resume Sample,https://resumekraft.com/shopper-marketing-assistant-resume-sample/,Sales and Marketing Resume Samples
169,Business Student Resume Sample,https://resumekraft.com/business-student-resume-sample/,Business Resume Examples | Education Resume Examples
169,PE Teacher Resume Sample,https://resumekraft.com/pe-teacher-resume-sample/,Education Resume Examples
169,Personal Assistant Resume Sample,https://resumekraft.com/personal-assistant-resume-sample-3/,Administration Resume Samples | Business Resume Examples
169,Civil Engineer Resume Example,https://resumekraft.com/civil-engineer-resume-example-2/,Engineering Resume Examples
169,Software Consultant Resume Sample,https://resumekraft.com/software-consultant-resume-sample/,IT Resume Samples
169,Waitress Resume Sample,https://resumekraft.com/waitress-resume-sample/,Administration Resume Samples
169,Survey Officer Resume Sample,https://resumekraft.com/survey-officer-resume-sample/,Administration Resume Samples
170,Embedded Software Engineer Resume Sample,https://resumekraft.com/embedded-software-engineer-resume-sample/,IT Resume Samples
170,Insurance Advisor Resume Sample,https://resumekraft.com/insurance-advisor-resume-sample/,Administration Resume Samples | Business Resume Examples | Sales and Marketing Resume Samples
170,Event Management Specialist Resume Sample,https://resumekraft.com/event-management-specialist-resume-sample/,Administration Resume Samples | Business Resume Examples | Sales and Marketing Resume Samples
170,EDC Database Developer Resume Sample,https://resumekraft.com/edc-database-developer-resume-sample/,IT Resume Samples
170,Delivery Driver Resume Sample,https://resumekraft.com/delivery-driver-resume-sample/,Creative Field Resume Examples
170,Sales Specialist Resume Sample,https://resumekraft.com/sales-specialist-resume-sample/,Sales and Marketing Resume Samples
170,Marketing Resume Example,https://resumekraft.com/marketing-resume-example/,Sales and Marketing Resume Samples
170,Interpreter Resume Sample,https://resumekraft.com/interpreter-resume-sample-2/,Education Resume Examples
170,Risk Manager Resume Example,https://resumekraft.com/risk-manager-resume-example/,Administration Resume Samples | Sales and Marketing Resume Samples
170,Retail Sales Assistant Resume Sample,https://resumekraft.com/retail-sales-assistant-resume-sample/,Sales and Marketing Resume Samples
170,IELTS Instructor Resume Sample,https://resumekraft.com/ielts-instructor-resume-sample/,Education Resume Examples
170,Senior Accountant Resume Example,https://resumekraft.com/senior-accountant-resume-example/,Accounting Finance Resume Samples
171,Information Security Consultant Resume Sample,https://resumekraft.com/information-security-consultant-resume-sample/,IT Resume Samples
171,Data Officer Resume Sample,https://resumekraft.com/data-officer-resume-sample/,Administration Resume Samples
171,Marketing Specialist Resume Sample,https://resumekraft.com/marketing-specialist-resume-sample/,Business Resume Examples | Sales and Marketing Resume Samples
171,General Practitioner Resume Sample,https://resumekraft.com/general-practitioner-resume-sample/,Healthcare Resume Samples
171,Customer Success Manager Resume Sample,https://resumekraft.com/customer-success-manager-resume-sample/,Administration Resume Samples | Business Resume Examples
171,Business Consultant Resume Example,https://resumekraft.com/business-consultant-resume-example/,Administration Resume Samples | Business Resume Examples
171,Program Manager Resume Sample,https://resumekraft.com/program-manager-resume-sample/,Administration Resume Samples | Business Resume Examples
171,Printer Technician Resume Sample,https://resumekraft.com/printer-technician-resume-sample/,IT Resume Samples
171,Cargo Porter Resume Sample,https://resumekraft.com/cargo-porter-resume-sample/,
171,Polymer Engineer Resume Sample,https://resumekraft.com/polymer-engineer-resume-sample/,Engineering Resume Examples
171,Final year Graduate Resume Sample,https://resumekraft.com/final-year-graduate-resume-sample/,Education Resume Examples
171,Software Engineering Internship Resume,https://resumekraft.com/software-engineering-internship-resume/,IT Resume Samples
172,Math Teacher Resume Sample,https://resumekraft.com/math-teacher-resume-sample-2/,Education Resume Examples
172,Pharmacy Student Resume Sample,https://resumekraft.com/pharmacy-student-resume-sample/,Education Resume Examples | Healthcare Resume Samples
172,Human Resource Intern Resume Sample,https://resumekraft.com/human-resource-intern-resume-sample/,Administration Resume Samples
172,Junior Software Developer Resume Sample,https://resumekraft.com/junior-software-developer-resume-sample-2/,IT Resume Samples
172,Risk Manager Resume Sample,https://resumekraft.com/risk-manager-resume-sample/,Administration Resume Samples | Business Resume Examples
172,Content Analyst Resume Example,https://resumekraft.com/content-analyst-resume-example/,Administration Resume Samples | Business Resume Examples
172,Accounts Executive Resume Sample,https://resumekraft.com/accounts-executive-resume-sample/,Accounting Finance Resume Samples
172,Personal Assistant Resume Sample,https://resumekraft.com/personal-assistant-resume-sample-2/,Administration Resume Samples
172,Radio Access Network Engineer Resume Sample,https://resumekraft.com/radio-access-network-engineer-resume-sample/,Engineering Resume Examples
172,Field Marketing Specialist Resume Sample,https://resumekraft.com/field-marketing-specialist-resume-sample/,Sales and Marketing Resume Samples
172,Biomedical Sciences Student Resume Sample,https://resumekraft.com/biomedical-sciences-student-resume-sample/,Education Resume Examples
172,International Sales Representative Resume,https://resumekraft.com/international-sales-representative-resume/,Sales and Marketing Resume Samples
173,Automation Controls Engineer Student Resume,https://resumekraft.com/automation-controls-engineer-student-resume/,Education Resume Examples | Engineering Resume Examples
173,IT Operations Manager Resume Sample,https://resumekraft.com/it-operations-manager-resume/,IT Resume Samples
173,Digital Designer Resume Sample,https://resumekraft.com/digital-designer-resume-sample/,IT Resume Samples
173,Business Development Manager Resume Sample,https://resumekraft.com/business-development-manager-resume-sample/,Business Resume Examples | Sales and Marketing Resume Samples
173,Sales Manager Resume Sample,https://resumekraft.com/sales-manager-resume-sample/,Sales and Marketing Resume Samples
173,Marketing Communications Resume Sample,https://resumekraft.com/marketing-communications-resume-sample/,Sales and Marketing Resume Samples
173,Business Development Consultant CV Sample,https://resumekraft.com/business-development-consultant-cv-sample/,Business Resume Examples | Sales and Marketing Resume Samples
173,New Business Development Manager Resume,https://resumekraft.com/new-business-development-manager-resume/,Administration Resume Samples | Business Resume Examples | Sales and Marketing Resume Samples
173,Business Intelligence Resume Sample,https://resumekraft.com/business-intelligence-resume-sample/,IT Resume Samples
173,DevOps Engineer Resume Sample,https://resumekraft.com/devops-engineer-resume-sample/,IT Resume Samples
173,Data Science Fresher Resume Sample,https://resumekraft.com/data-science-fresher-resume-sample/,Education Resume Examples | IT Resume Samples
173,Franchise Manager Resume Sample,https://resumekraft.com/franchise-manager-resume-sample/,Administration Resume Samples | Business Resume Examples | Sales and Marketing Resume Samples
174,Business Management Student Resume Example,https://resumekraft.com/business-management-student-resume-example/,Business Resume Examples | Education Resume Examples
174,Associate Operations Analyst Resume Sample,https://resumekraft.com/associate-operations-analyst-resume-sample/,Accounting Finance Resume Samples | Administration Resume Samples | Business Resume Examples
174,PhD Student Statistics Resume,https://resumekraft.com/phd-student-statistics-resume/,Education Resume Examples
174,Customer Service Resume Sample,https://resumekraft.com/customer-service-resume-sample-3/,Sales and Marketing Resume Samples
174,Senior Business Development Manager Resume Sample,https://resumekraft.com/senior-business-development-manager-resume-sample/,Administration Resume Samples | Business Resume Examples
174,Registered Nurse Resume Sample,https://resumekraft.com/registered-nurse-resume-sample/,Healthcare Resume Samples
174,Account Director Resume Sample,https://resumekraft.com/account-director-resume-sample/,Accounting Finance Resume Samples
174,Data Analyst Resume Sample,https://resumekraft.com/data-analyst-resume-sample/,IT Resume Samples
174,Front Desk Clerk Resume Sample,https://resumekraft.com/front-desk-clerk-resume-sample/,Administration Resume Samples
174,Communication Officer Resume Sample,https://resumekraft.com/communication-officer-resume-sample/,Administration Resume Samples | Sales and Marketing Resume Samples
174,Digital Marketer Resume Sample,https://resumekraft.com/digital-marketer-resume-sample-2/,IT Resume Samples | Sales and Marketing Resume Samples
174,Social Media Strategist Resume Sample,https://resumekraft.com/social-media-strategist-resume-sample/,IT Resume Samples | Sales and Marketing Resume Samples
175,Office Administration Resume Example,https://resumekraft.com/office-administration-resume-example/,Administration Resume Samples
175,Office Manager Resume Sample,https://resumekraft.com/office-manager-resume-sample/,Administration Resume Samples
175,Business Development Consultant Resume Sample,https://resumekraft.com/business-development-consultant-resume-sample/,Administration Resume Samples | Business Resume Examples | Sales and Marketing Resume Samples
175,Travel Superintendent Resume Sample,https://resumekraft.com/travel-superintendent-resume-sample/,Administration Resume Samples | Business Resume Examples | Sales and Marketing Resume Samples
175,Web Application Developer Resume,https://resumekraft.com/web-application-developer-resume/,IT Resume Samples
175,Supply Chain Manager Resume Example,https://resumekraft.com/supply-chain-manager-resume-example/,Administration Resume Samples | Business Resume Examples | Sales and Marketing Resume Samples | Uncategorized
175,Human Resources Professional Resume Sample,https://resumekraft.com/human-resource-professional-resume-sample/,Administration Resume Samples | Business Resume Examples
175,Document Controller Resume Sample,https://resumekraft.com/document-controller-resume-sample/,Administration Resume Samples | Business Resume Examples
175,Graphic Designer Resume Sample,https://resumekraft.com/graphic-designer-resume-sample/,IT Resume Samples | Sales and Marketing Resume Samples
175,Digital Marketing Expert Resume Sample,https://resumekraft.com/digital-marketing-expert-resume-sample/,Business Resume Examples | Creative Field Resume Examples | IT Resume Samples
175,Library Manager Resume Sample,https://resumekraft.com/library-manager-resume-sample/,Administration Resume Samples
175,ESL Teacher Resume Sample,https://resumekraft.com/esl-teacher-resume-sample/,Education Resume Examples
176,Tourism Manager Resume Sample,https://resumekraft.com/tourism-manager-resume-sample/,Administration Resume Samples | Business Resume Examples | Sales and Marketing Resume Samples
176,Waiter Resume Sample,https://resumekraft.com/waiter-resume-sample/,Administration Resume Samples
176,Chief Accountant Resume Sample,https://resumekraft.com/chief-accountant-resume-sample/,Accounting Finance Resume Samples
176,Compliance Manager Resume Sample,https://resumekraft.com/compliance-manager-resume-sample/,Accounting Finance Resume Samples | Administration Resume Samples | Sales and Marketing Resume Samples
176,Casual Relief Teacher Resume Sample,https://resumekraft.com/casual-relief-teacher-resume-sample/,Education Resume Examples
176,Insurance Underwriter Resume Sample,https://resumekraft.com/insurance-underwriter-resume-sample/,Sales and Marketing Resume Samples
176,System Engineer Resume Example,https://resumekraft.com/system-engineer-resume-example/,IT Resume Samples
176,Hospitality Student Resume Sample,https://resumekraft.com/hospitality-student-resume-sample/,Administration Resume Samples | Education Resume Examples
176,Lawyer Resume Sample,https://resumekraft.com/lawyer-resume-sample/,
176,Engineer Controls Resume Sample,https://resumekraft.com/engineer-controls-resume-sample/,Engineering Resume Examples
176,Customer Representative Resume Sample,https://resumekraft.com/customer-representative-resume-sample/,Administration Resume Samples | Sales and Marketing Resume Samples
176,Software Project Manager Resume Sample,https://resumekraft.com/software-project-manager-resume-sample/,IT Resume Samples
177,Real Estate Agent Resume Sample,https://resumekraft.com/real-estate-agent-resume-sample/,Sales and Marketing Resume Samples
177,Portfolio Manager Resume Example,https://resumekraft.com/portfolio-manager-resume-example/,Accounting Finance Resume Samples | Business Resume Examples
177,Aviation Engineer Resume,https://resumekraft.com/aviation-engineer-resume/,Engineering Resume Examples
177,Operation Manager Resume Sample,https://resumekraft.com/operation-manager-resume-sample/,Administration Resume Samples
177,Senior Analyst Resume Sample,https://resumekraft.com/senior-analyst-resume-sample/,IT Resume Samples
177,Administration Assistant Resume Sample,https://resumekraft.com/administration-assistant-resume-sample/,Administration Resume Samples
177,Mathematics Teacher Resume Sample,https://resumekraft.com/mathematics-teacher-resume-sample/,Education Resume Examples
177,Video Journalist Resume Sample,https://resumekraft.com/video-journalist-resume-sample/,Creative Field Resume Examples
177,Procurement Manager Resume Sample,https://resumekraft.com/procurement-manager-resume-sample/,Sales and Marketing Resume Samples
177,Freelancer Cameraman Resume Sample,https://resumekraft.com/freelancer-cameraman-resume-sample/,Creative Field Resume Examples
177,Sales Representative Resume Example,https://resumekraft.com/sales-representative-resume-example/,Sales and Marketing Resume Samples
177,Dietitian and Nutritionist Resume Sample,https://resumekraft.com/dietitian-and-nutritionist-resume-sample/,Healthcare Resume Samples
178,Facilities Coordinator Resume Sample,https://resumekraft.com/facilities-coordinator-resume-sample/,Administration Resume Samples
178,Senior Customer Experience Resume Sample,https://resumekraft.com/senior-customer-experience-resume-sample/,Administration Resume Samples | Sales and Marketing Resume Samples
178,Branch Manager Resume Example,https://resumekraft.com/branch-manager-resume-example/,Administration Resume Samples | Business Resume Examples
178,Presales Resume Sample,https://resumekraft.com/presales-resume-sample/,Sales and Marketing Resume Samples
178,Salesforce CRM Resume Sample,https://resumekraft.com/salesforce-crm-resume-sample/,IT Resume Samples
178,SAP UI5 Fiori Consultant Resume Sample,https://resumekraft.com/sap-ui5-fiori-consultant-resume-sample/,IT Resume Samples
178,Customer Service Resume Example,https://resumekraft.com/customer-service-resume-example/,Administration Resume Samples | Sales and Marketing Resume Samples
178,Final-year Student Resume Example,https://resumekraft.com/final-year-student-resume-example/,Education Resume Examples
178,Media Journalist Resume Sample,https://resumekraft.com/media-journalist-resume-sample/,Creative Field Resume Examples
178,Web Developer Resume Example,https://resumekraft.com/web-developer-resume-example/,IT Resume Samples
178,Marketer Resume Sample,https://resumekraft.com/marketer-resume-sample/,Sales and Marketing Resume Samples
178,Senior Merchandiser Supervisor Resume Sample,https://resumekraft.com/senior-merchandiser-supervisor-resume-sample/,
179,Mechanical Design Resume Sample,https://resumekraft.com/mechanical-design-resume-sample/,Engineering Resume Examples
179,French Teacher Resume Sample,https://resumekraft.com/french-teacher-resume-sample/,Education Resume Examples
179,Recovery Specialist Resume Sample,https://resumekraft.com/recovery-specialist-resume-sample/,Administration Resume Samples | Healthcare Resume Samples
179,Sr Electrical Engineer Resume Example,https://resumekraft.com/sr-electrical-engineer-resume-example/,Engineering Resume Examples | IT Resume Samples
179,Technical Support Associate Resume Sample,https://resumekraft.com/technical-support-associate-resume-sample/,IT Resume Samples
179,Ticketing Reservation Resume Sample,https://resumekraft.com/ticketing-reservation-resume-sample/,Administration Resume Samples
179,Financial Controller Resume Sample,https://resumekraft.com/financial-controller-resume-sample/,Accounting Finance Resume Samples
179,Quality Control Manager Resume Example,https://resumekraft.com/quality-control-manager-resume-example/,Engineering Resume Examples
179,Automation System Engineer Resume Sample,https://resumekraft.com/automation-system-engineer-resume-sample/,Education Resume Examples | Engineering Resume Examples
179,LMFT Resume Sample,https://resumekraft.com/lmft-resume-sample/,Education Resume Examples | Healthcare Resume Samples
179,Finance Director Resume Sample,https://resumekraft.com/finance-director-resume-sample/,Accounting Finance Resume Samples
179,Customer Relationship Manager Resume Sample,https://resumekraft.com/customer-relationship-manager-resume-sample/,Administration Resume Samples | Business Resume Examples
180,Health Safety Environment Resume Sample,https://resumekraft.com/health-safety-environment-resume-sample/,Administration Resume Samples
180,Application Development Analyst Resume Sample,https://resumekraft.com/application-development-analyst-resume-sample/,IT Resume Samples
180,Japanese Translator Resume Sample,https://resumekraft.com/japanese-translator-resume-sample/,Education Resume Examples
180,Part-Time Job Resume Sample,https://resumekraft.com/part-time-job-resume-sample/,Education Resume Examples
180,IoT Engineer Resume Sample,https://resumekraft.com/iot-engineer-resume-sample/,Engineering Resume Examples | IT Resume Samples
180,Fleet Sales Executive Resume Sample,https://resumekraft.com/fleet-sales-executive-resume-sample/,Administration Resume Samples | Sales and Marketing Resume Samples
180,MEP Coordinator Resume Sample,https://resumekraft.com/mep-coordinator-resume-sample/,Engineering Resume Examples
180,Coordinator Resume Sample,https://resumekraft.com/coordinator-resume-sample/,Administration Resume Samples
180,Senior System Engineer Resume Sample,https://resumekraft.com/senior-system-engineer-resume-sample/,Engineering Resume Examples
180,Instructional Designer Resume Sample,https://resumekraft.com/instructional-designer-resume-sample/,Administration Resume Samples
180,Assistant Finance Manager Resume Example,https://resumekraft.com/assistant-finance-manager-resume-example/,Accounting Finance Resume Samples | Administration Resume Samples
180,Filmographer Resume Sample,https://resumekraft.com/filmographer-resume-sample/,Accounting Finance Resume Samples | Creative Field Resume Examples
181,Personal Assistant Resume Sample,https://resumekraft.com/personal-assistant-resume-sample/,Administration Resume Samples
181,Sr Project Manager Resume Example,https://resumekraft.com/sr-project-manager-resume-example/,Administration Resume Samples | Business Resume Examples | IT Resume Samples
181,Sports Wellness Management Resume Sample,https://resumekraft.com/sports-wellness-management-resume-sample/,Education Resume Examples | Healthcare Resume Samples
181,Product Specialist Resume Sample,https://resumekraft.com/product-specialist-resume-sample/,
181,Account Representative Resume Sample,https://resumekraft.com/account-representative-resume-sample/,Accounting Finance Resume Samples | Administration Resume Samples
181,Logistics Engineering Resume Sample,https://resumekraft.com/logistics-engineering-resume-sample/,Administration Resume Samples
181,Marketing Communications Expert Resume Sample,https://resumekraft.com/marketing-communications-expert-resume-sample/,
181,Sr ITES Executive Resume Sample,https://resumekraft.com/sr-ites-executive-resume-sample/,Administration Resume Samples
181,logistics Manager Resume Sample,https://resumekraft.com/logistics-manager-resume-sample/,Administration Resume Samples
181,Mechatronics Engineer Resume Sample,https://resumekraft.com/mechatronics-engineer-resume-sample/,Engineering Resume Examples | IT Resume Samples
181,Senior Test Engineer Resume  Sample,https://resumekraft.com/senior-test-engineer-resume-sample/,IT Resume Samples
181,QA Engineer Resume Sample,https://resumekraft.com/qa-engineer-resume-sample/,IT Resume Samples
182,Economics Tutor Resume Sample,https://resumekraft.com/economics-tutor-resume-sample/,Education Resume Examples
182,Account Manager Resume Sample,https://resumekraft.com/account-manager-resume-sample/,Accounting Finance Resume Samples
182,Regional Housing Administrator Resume Sample,https://resumekraft.com/regional-housing-administrator-resume-sample/,Administration Resume Samples | Business Resume Examples
182,Communication Engineer Resume Sample,https://resumekraft.com/communication-engineer-resume-sample/,IT Resume Samples
182,Transfer Pricing Consultant Resume Sample,https://resumekraft.com/transfer-pricing-consultant-resume-sample/,Administration Resume Samples | Business Resume Examples
182,Senior ITES Executive Resume Example,https://resumekraft.com/senior-ites-executive-resume-example/,IT Resume Samples
182,Data Analytics Manager Resume Sample,https://resumekraft.com/data-analytics-manager-resume-sample/,IT Resume Samples
182,Medical Administrative Assistant Resume Sample,https://resumekraft.com/medical-administrative-assistant-resume-sample/,Administration Resume Samples | Healthcare Resume Samples
182,Cloud Computing Resume Sample,https://resumekraft.com/cloud-computing-resume-sample/,Engineering Resume Examples | IT Resume Samples
182,IT Asset Manager Resume Sample,https://resumekraft.com/it-asset-manager-resume-sample/,IT Resume Samples
182,Business Development Director Resume Sample,https://resumekraft.com/business-development-director-resume-sample/,Administration Resume Samples | Business Resume Examples | Sales and Marketing Resume Samples
182,Warehouse Manager Resume Sample,https://resumekraft.com/warehouse-manager-resume-sample/,Administration Resume Samples
183,Computer Scientist Resume Sample,https://resumekraft.com/computer-scientist-resume-sample/,IT Resume Samples
183,Affluent Relationship Manager Resume Sample,https://resumekraft.com/affluent-relationship-manager-resume-sample/,Administration Resume Samples | Business Resume Examples | Sales and Marketing Resume Samples
183,Regulatory Affairs Coordinator Sample,https://resumekraft.com/regulatory-affairs-coordinator-sample/,Administration Resume Samples | Business Resume Examples | Sales and Marketing Resume Samples
183,Loan Manager Resume Sample,https://resumekraft.com/loan-manager-resume-sample/,Accounting Finance Resume Samples | Administration Resume Samples | Business Resume Examples | Sales and Marketing Resume Samples
183,Renewable Energy Engineer Resume Sample,https://resumekraft.com/renewable-energy-engineer-resume-sample/,Engineering Resume Examples | IT Resume Samples
183,Commercial Engineer Resume Sample,https://resumekraft.com/commercial-engineer-resume-sample/,Engineering Resume Examples
183,Contract Officer Resume Sample,https://resumekraft.com/contract-officer-resume-sample/,Administration Resume Samples
183,Mechanical Engineer Student Resume,https://resumekraft.com/mechanical-engineer-student-resume/,Engineering Resume Examples
183,Chief Financial Officer Resume Sample,https://resumekraft.com/chief-financial-officer-resume-sample/,Accounting Finance Resume Samples
183,Pharmacy Manager Resume Sample,https://resumekraft.com/pharmacy-manager-resume-sample/,Sales and Marketing Resume Samples
183,Hospitality Management Resume Sample,https://resumekraft.com/hospitality-management-resume-sample/,
183,Customer service Resume Sample,https://resumekraft.com/customer-service-resume-sample-2/,Administration Resume Samples
184,Internship Human Resources Resume,https://resumekraft.com/internship-human-resources-resume/,Administration Resume Samples
184,Student Researcher Resume Sample,https://resumekraft.com/student-researcher-resume-sample/,Education Resume Examples
184,Operational Planning Manager Resume,https://resumekraft.com/operational-planning-manager-resume/,Administration Resume Samples
184,Sales Operations Resume Sample,https://resumekraft.com/sales-operations-resume-sample/,Sales and Marketing Resume Samples
184,Business Communication Resume Sample,https://resumekraft.com/business-communication-resume-sample/,Business Resume Examples | Sales and Marketing Resume Samples
184,Human Resources Manager Resume,https://resumekraft.com/human-resources-manager-resume/,Administration Resume Samples
184,Finance Executive Resume Sample,https://resumekraft.com/finance-executive-resume-sample/,Accounting Finance Resume Samples
184,Pharmacist Resume Sample,https://resumekraft.com/pharmacist-resume-sample/,Healthcare Resume Samples
184,Business Administration Resume Example,https://resumekraft.com/business-administration-resume-example/,Administration Resume Samples | Business Resume Examples
184,Research Analyst Resume Sample,https://resumekraft.com/research-analyst-resume-sample/,Business Resume Examples
184,IT Business Analyst Resume Sample,https://resumekraft.com/it-business-analyst-resume-sample/,Business Resume Examples | IT Resume Samples
184,Accounts Manager Resume Sample,https://resumekraft.com/accounts-manager-resume-sample/,Accounting Finance Resume Samples
185,Customer support specialist Resume,https://resumekraft.com/customer-support-specialist-resume/,Administration Resume Samples
185,Architect Resume Sample,https://resumekraft.com/architect-resume-sample/,Engineering Resume Examples
185,Network Support Engineer Resume Sample,https://resumekraft.com/network-support-engineer-resume-sample/,IT Resume Samples
185,Dentist Resume Sample,https://resumekraft.com/dentist-resume-sample/,Healthcare Resume Samples
185,Freelance UI Developer Resume,https://resumekraft.com/freelance-ui-developer-resume/,IT Resume Samples
185,Information Technology Student Resume,https://resumekraft.com/information-technology-student-resume/,IT Resume Samples
185,Network Administrator Resume Sample,https://resumekraft.com/network-administrator-resume-sample/,IT Resume Samples
185,Fresher Resume Example,https://resumekraft.com/fresher-resume-example/,Sales and Marketing Resume Samples
185,Finance Manager Resume Sample,https://resumekraft.com/finance-manager-resume-sample/,Accounting Finance Resume Samples
185,English Teacher Resume Sample,https://resumekraft.com/english-teacher-resume-sample-2/,Education Resume Examples
185,Quality Assurance Resume Sample,https://resumekraft.com/quality-assurance-resume-sample-2/,IT Resume Samples
185,Strategic Partnerships Resume Sample,https://resumekraft.com/strategic-partnerships-resume-sample/,Business Resume Examples
186,Technical Assistant Resume Sample,https://resumekraft.com/technical-assistant-resume-sample/,Engineering Resume Examples | IT Resume Samples
186,Senior Auditor Resume Sample,https://resumekraft.com/senior-auditor-resume-sample/,Accounting Finance Resume Samples
186,Group Internal Auditor Resume Sample,https://resumekraft.com/group-internal-auditor-resume-sample/,Accounting Finance Resume Samples
186,Systems Engineer Resume Sample,https://resumekraft.com/systems-engineer-resume-sample/,Engineering Resume Examples | IT Resume Samples
186,IT System Administrator Resume Sample,https://resumekraft.com/it-system-administrator-resume-sample/,IT Resume Samples
186,Software Delivery Manager Resume,https://resumekraft.com/software-delivery-manager-resume/,IT Resume Samples
186,Office Administration Resume Sample,https://resumekraft.com/office-administration-resume-sample/,Administration Resume Samples
186,Business Consultant Resume Sample,https://resumekraft.com/business-consultant-resume-sample/,Business Resume Examples | Sales and Marketing Resume Samples
186,Architecture Resume Sample,https://resumekraft.com/architecture-resume-sample/,Engineering Resume Examples
186,Cloud Engineer Resume Sample,https://resumekraft.com/cloud-engineer-resume-sample/,Engineering Resume Examples | IT Resume Samples
186,Senior Quality Assurance Engineer Resume,https://resumekraft.com/senior-quality-assurance-engineer-resume/,IT Resume Samples
186,UI Developer Resume Sample,https://resumekraft.com/ui-developer-resume-sample/,IT Resume Samples
187,Pharmaceutical Sales Resume Sample,https://resumekraft.com/pharmaceutical-sales-resume-sample/,Healthcare Resume Samples | Sales and Marketing Resume Samples
187,Operations Manager Resume Sample,https://resumekraft.com/operations-manager-resume-sample-2/,Administration Resume Samples
187,Bank Officer Resume Sample,https://resumekraft.com/bank-officer-resume-sample/,Accounting Finance Resume Samples
187,Cyber Security Engineer Resume Sample,https://resumekraft.com/cyber-security-engineer-resume-sample/,Engineering Resume Examples | IT Resume Samples | Sales and Marketing Resume Samples
187,Administrative Officer Resume Sample,https://resumekraft.com/administrative-officer-resume-sample/,Administration Resume Samples
187,Secondary School Teacher Resume Sample,https://resumekraft.com/secondary-school-teacher-resume-sample/,Education Resume Examples
187,Research Specialist Resume Sample,https://resumekraft.com/research-specialist-resume-sample/,Administration Resume Samples | Business Resume Examples
187,Photographer Resume Example,https://resumekraft.com/photographer-resume-example/,Creative Field Resume Examples
187,Assistant Professor Resume Sample,https://resumekraft.com/assistant-professor-resume-sample/,Education Resume Examples | IT Resume Samples
187,English Teacher Resume Sample,https://resumekraft.com/english-teacher-resume-sample/,Education Resume Examples
187,Translator Resume Sample,https://resumekraft.com/translator-resume-sample/,Sales and Marketing Resume Samples
187,Business Administration Resume Sample,https://resumekraft.com/business-administration-resume-sample/,Administration Resume Samples | Business Resume Examples
188,IOS Developer Resume Sample,https://resumekraft.com/ios-developer-resume-sample/,IT Resume Samples
188,Fresh Graduate Resume Sample,https://resumekraft.com/fresh-graduate-resume-sample/,Education Resume Examples
188,Front End Engineer Resume Sample,https://resumekraft.com/front-end-engineer-resume-sample/,IT Resume Samples
188,Content Specialist Resume Sample,https://resumekraft.com/content-specialist-resume-sample/,IT Resume Samples | Sales and Marketing Resume Samples
188,GIS Specialist Resume Sample,https://resumekraft.com/gis-specialist-resume-sample/,Engineering Resume Examples | IT Resume Samples
188,IT Project Manager Resume Sample,https://resumekraft.com/it-project-manager-resume-sample/,IT Resume Samples | Sales and Marketing Resume Samples
188,Flight Attendant Resume Sample,https://resumekraft.com/flight-attendant-resume-sample/,
188,Student Resume Sample,https://resumekraft.com/student-resume-sample/,
188,Sales Consultant Resume Sample,https://resumekraft.com/sales-consultant-resume-sample/,Sales and Marketing Resume Samples
188,Android Developer Resume Sample,https://resumekraft.com/android-developer-resume-sample/,IT Resume Samples
188,Quantity Surveyor Resume Sample,https://resumekraft.com/quantity-surveyor-resume-sample/,Engineering Resume Examples
188,Artist Manager Resume Sample,https://resumekraft.com/artist-manager-resume-sample/,Sales and Marketing Resume Samples
189,Maintenance Engineer Resume Sample,https://resumekraft.com/maintenance-engineer-resume-sample/,Engineering Resume Examples
189,Marketing Consultant Resume Sample,https://resumekraft.com/marketing-consultant-resume-sample/,Administration Resume Samples | Sales and Marketing Resume Samples
189,Travel Agent Resume Sample,https://resumekraft.com/travel-agent-resume-sample/,Administration Resume Samples | Business Resume Examples
189,Office Coordinator Resume Sample,https://resumekraft.com/office-coordinator-resume-sample/,
189,Online Store Manager Resume Sample,https://resumekraft.com/online-store-manager-resume-sample/,Accounting Finance Resume Samples | Administration Resume Samples
189,Quality Assurance Specialist Resume Sample,https://resumekraft.com/quality-assurance-specialist-resume-sample/,IT Resume Samples
189,Classroom Teacher Resume Sample,https://resumekraft.com/classroom-teacher-resume-sample/,Education Resume Examples
189,Assistant Store Manager Resume Sample,https://resumekraft.com/assistant-store-manager-resume-sample/,Administration Resume Samples | Business Resume Examples
189,Operations Analyst Resume Example,https://resumekraft.com/operations-analyst-resume-example/,Business Resume Examples | IT Resume Samples
189,Middle School Teacher Resume Sample,https://resumekraft.com/middle-school-teacher-resume-sample/,Education Resume Examples
189,Digital Marketer Resume Example,https://resumekraft.com/digital-marketer-resume-example/,Sales and Marketing Resume Samples
189,Merchandiser Resume Sample,https://resumekraft.com/merchandiser-resume-sample/,
190,Graduate Resume Sample,https://resumekraft.com/graduate-resume-sample/,Sales and Marketing Resume Samples
190,Software Engineer Resume Sample,https://resumekraft.com/software-engineer-resume-sample/,IT Resume Samples
190,Telecom Engineer Resume Sample,https://resumekraft.com/telecom-engineer-resume-sample/,Engineering Resume Examples | IT Resume Samples
190,Manager Operations Resume Sample,https://resumekraft.com/manager-operations-resume-sample/,Business Resume Examples
190,Medical Receptionist Resume Sample,https://resumekraft.com/medical-receptionist-resume-sample/,Sales and Marketing Resume Samples
190,Scheduler Resume Sample,https://resumekraft.com/scheduler-resume-sample/,Administration Resume Samples
190,Industrial Engineer Resume Sample,https://resumekraft.com/industrial-engineer-resume-sample/,Engineering Resume Examples
190,IT Consultant Resume Sample,https://resumekraft.com/it-consultant-resume-sample/,IT Resume Samples
190,Operations Analyst Resume Sample,https://resumekraft.com/operations-analyst-resume-sample/,Administration Resume Samples | Business Resume Examples
190,Journalist Resume Sample,https://resumekraft.com/journalist-resume-sample/,
190,Dairy Farm Worker Resume Sample,https://resumekraft.com/dairy-farm-worker-resume-sample/,
190,Senior Software Engineer Resume Sample,https://resumekraft.com/senior-software-engineer-resume-sample/,IT Resume Samples
191,Associate Software Engineer Resume Sample,https://resumekraft.com/associate-software-engineer-resume-sample-2/,IT Resume Samples
191,Senior Project Manager Resume Sample,https://resumekraft.com/senior-project-manager-resume-sample-2/,Business Resume Examples | IT Resume Samples
191,Computer Teacher Resume Sample,https://resumekraft.com/computer-teacher-resume-sample/,Education Resume Examples | IT Resume Samples
191,Child Care Resume Sample,https://resumekraft.com/child-care-resume-sample/,
191,Junior Accountant Resume Sample,https://resumekraft.com/junior-accountant-resume-sample/,Accounting Finance Resume Samples
191,MBA Finance Resume Sample,https://resumekraft.com/mba-finance-resume-sample/,Accounting Finance Resume Samples | Business Resume Examples
191,Content Creator Resume Sample,https://resumekraft.com/content-creator-resume-sample/,Sales and Marketing Resume Samples
191,Tourism Consultant Resume Sample,https://resumekraft.com/tourism-consultant-resume-sample/,
191,MEP Engineer Resume Sample,https://resumekraft.com/mep-engineer-resume-sample/,Engineering Resume Examples
191,Chef Resume Sample,https://resumekraft.com/chef-resume-sample/,
191,Area Sales Manager Resume Sample,https://resumekraft.com/area-sales-manager-resume-sample/,Business Resume Examples | Sales and Marketing Resume Samples
191,Student Resume Example,https://resumekraft.com/student-resume-example-2/,Education Resume Examples
192,Social Media Manager Resume Sample,https://resumekraft.com/social-media-manager-resume-sample/,IT Resume Samples | Sales and Marketing Resume Samples
192,Associate Software Engineer Resume Sample,https://resumekraft.com/associate-software-engineer-resume-sample/,IT Resume Samples
192,Office Boy Resume Sample,https://resumekraft.com/office-boy-resume-sample/,
192,Bartender Resume Sample,https://resumekraft.com/bartender-resume-sample/,
192,Fashion Editor Resume Sample,https://resumekraft.com/fashion-editor-resume-sample/,Administration Resume Samples | Business Resume Examples | Sales and Marketing Resume Samples
192,Business Strategy Resume Sample,https://resumekraft.com/business-strategy-resume-sample/,Administration Resume Samples | Business Resume Examples | IT Resume Samples
192,Embedded System Developer Resume Sample,https://resumekraft.com/embedded-system-developer-resume-sample/,IT Resume Samples
192,Mechanical Engineer Resume Example,https://resumekraft.com/mechanical-engineer-resume-example/,Engineering Resume Examples
192,Photographer Resume Sample,https://resumekraft.com/photographer-resume-sample/,
192,Sales Associate Resume Sample,https://resumekraft.com/sales-associate-resume-sample/,Business Resume Examples | Sales and Marketing Resume Samples
192,Tableau Server Administrator Resume Sample,https://resumekraft.com/tableau-server-administrator-resume-sample/,IT Resume Samples
192,Nursing Instructor Resume Sample,https://resumekraft.com/nursing-instructor-resume-sample/,Healthcare Resume Samples
193,Technician Resume Sample,https://resumekraft.com/technician-resume-sample/,Engineering Resume Examples
193,Accounts Payable Resume Sample,https://resumekraft.com/accounts-payable-resume-sample/,Accounting Finance Resume Samples | Administration Resume Samples
193,Special Education Teacher Resume Sample,https://resumekraft.com/special-education-teacher-resume-sample/,Education Resume Examples
193,RN BSN Resume Sample,https://resumekraft.com/rn-bsn-resume-sample/,Healthcare Resume Samples
193,Junior Software Developer Resume Sample,https://resumekraft.com/junior-software-developer-resume-sample/,IT Resume Samples
193,Electrical Engineering Resume Sample,https://resumekraft.com/electrical-engineering-resume-sample/,Engineering Resume Examples
193,International Business Specialist Resume Sample,https://resumekraft.com/international-business-specialist-resume-sample/,Administration Resume Samples | Business Resume Examples
193,Housekeeping Supervisor Resume Sample,https://resumekraft.com/housekeeping-supervisor-resume-sample/,Administration Resume Samples
193,Trade Marketing Manager Resume Sample,https://resumekraft.com/trade-marketing-manager-resume-sample/,Business Resume Examples
193,Information Technology Resume Sample,https://resumekraft.com/information-technology-resume-sample/,IT Resume Samples
193,Computer Engineer Resume Sample,https://resumekraft.com/computer-engineer-resume-sample/,IT Resume Samples
193,Career Counselor Resume Sample,https://resumekraft.com/career-counselor-resume-sample/,Administration Resume Samples | Business Resume Examples | Education Resume Examples
194,Math Teacher Resume Sample,https://resumekraft.com/math-teacher-resume-sample/,Education Resume Examples
194,High School Teacher Resume Sample,https://resumekraft.com/high-school-teacher-resume-sample/,Education Resume Examples
194,Functional Tester Resume Sample,https://resumekraft.com/functional-tester-resume-sample/,IT Resume Samples
194,Interior Designer Resume Sample,https://resumekraft.com/interior-designer-resume-sample/,
194,Project Coordinator Resume Sample,https://resumekraft.com/project-coordinator-resume-sample/,Administration Resume Samples | Business Resume Examples | IT Resume Samples | Sales and Marketing Resume Samples
194,Interpreter Resume Sample,https://resumekraft.com/interpreter-resume-sample/,IT Resume Samples
194,Civil Engineer Resume Sample,https://resumekraft.com/civil-engineer-resume-sample/,Engineering Resume Examples
194,SQA Engineer Resume Sample,https://resumekraft.com/sqa-engineer-resume-sample/,IT Resume Samples
194,Software Tester Resume Sample,https://resumekraft.com/software-tester-resume-sample/,IT Resume Samples
194,Secretary Resume Sample,https://resumekraft.com/secretary-resume-sample/,Administration Resume Samples | Business Resume Examples
194,Graduate Student Resume Sample,https://resumekraft.com/graduate-student-resume-sample/,Education Resume Examples
194,Digital Marketer Resume Sample,https://resumekraft.com/digital-marketer-resume-sample/,IT Resume Samples | Sales and Marketing Resume Samples
195,Technical Support Engineer Resume Sample,https://resumekraft.com/technical-support-engineer-resume-sample/,Engineering Resume Examples
195,Guest Service Associate Resume Sample,https://resumekraft.com/guest-service-associate-resume-sample/,
195,Electrical Engineer Resume Sample,https://resumekraft.com/electrical-engineer-resume-sample/,Engineering Resume Examples
195,Scrum Master Resume Sample,https://resumekraft.com/scrum-master-resume-sample/,IT Resume Samples
195,Customer Service Resume Sample,https://resumekraft.com/customer-service-resume-sample/,Sales and Marketing Resume Samples
195,Office Admin Resume Example,https://resumekraft.com/office-admin-resume-example/,Administration Resume Samples
195,Receptionist Resume Sample,https://resumekraft.com/receptionist-resume-sample/,Administration Resume Samples
195,Procurement Officer Resume Sample,https://resumekraft.com/procurement-officer-resume-sample/,Administration Resume Samples
195,Accounting Associate Resume Sample,https://resumekraft.com/accounting-associate-resume-sample/,Accounting Finance Resume Samples
195,Electrical Specialist Resume Example,https://resumekraft.com/electrical-specialist-resume-example/,Engineering Resume Examples
195,Relationship Manager Resume Sample,https://resumekraft.com/relationship-manager-resume-sample/,Sales and Marketing Resume Samples
195,Support Engineer Resume Example,https://resumekraft.com/support-engineer-resume-example/,IT Resume Samples
196,Instrumentation Engineer Resume Example,https://resumekraft.com/instrumentation-engineer-resume-example/,Engineering Resume Examples
196,Senior Student Resume Example,https://resumekraft.com/senior-student-resume-example/,Education Resume Examples
196,Physical Therapy Resume Sample,https://resumekraft.com/physical-therapy-resume-sample/,Healthcare Resume Samples
196,Veterinarian Resume Sample,https://resumekraft.com/veterinarian-resume-sample/,Healthcare Resume Samples
196,Quality Assurance Resume Sample,https://resumekraft.com/quality-assurance-resume-sample/,IT Resume Samples
196,Java Developer Resume Sample,https://resumekraft.com/java-developer-resume-sample/,IT Resume Samples
196,Marketing Assistant Resume Sample,https://resumekraft.com/marketing-assistant-resume-sample/,Administration Resume Samples | Business Resume Examples | Sales and Marketing Resume Samples
196,Production Supervisor Resume Example,https://resumekraft.com/production-supervisor-resume-example/,Administration Resume Samples | Business Resume Examples
196,Operations Manager Resume Sample,https://resumekraft.com/operations-manager-resume-sample/,Administration Resume Samples | Business Resume Examples
196,PHP Developer Resume Sample,https://resumekraft.com/php-developer-resume-sample/,IT Resume Samples
196,Art Teacher Resume Sample,https://resumekraft.com/art-teacher-resume-sample/,Education Resume Examples
196,Project Manager Resume Sample,https://resumekraft.com/project-manager-resume-sample/,IT Resume Samples
197,Mechanical Engineer Resume Sample,https://resumekraft.com/mechanical-engineer-resume-sample/,Engineering Resume Examples
197,Security Engineer (IT) Resume Sample,https://resumekraft.com/security-engineer-it-resume-sample/,IT Resume Samples
197,Trade Marketing Manager Resume Example,https://resumekraft.com/trade-marketing-manager-resume-example/,Administration Resume Samples | Business Resume Examples
197,Senior Business Development Manager Resume Example,https://resumekraft.com/senior-business-development-manager-resume-example/,Administration Resume Samples | Business Resume Examples | Sales and Marketing Resume Samples
197,Software Developer Resume Example,https://resumekraft.com/software-developer-resume-example/,IT Resume Samples
197,Dental Nurse Resume Example,https://resumekraft.com/dental-nurse-resume-example/,Healthcare Resume Samples
197,Cyber Security Resume Example,https://resumekraft.com/cyber-security-resume-example/,IT Resume Samples
197,Google Cloud Architect Resume Example,https://resumekraft.com/google-cloud-architect-resume-example/,IT Resume Samples
197,Aerospace Engineering Resume Example,https://resumekraft.com/aerospace-engineering-resume-example/,Engineering Resume Examples
197,Student Resume Example,https://resumekraft.com/student-resume-example/,Education Resume Examples
197,Teacher Resume Example,https://resumekraft.com/teacher-resume-example/,Education Resume Examples
197,Content Creator Resume Example,https://resumekraft.com/content-creator-resume-example/,Sales and Marketing Resume Samples
198,HR Internship Resume Example,https://resumekraft.com/hr-internship-resume-example/,Administration Resume Samples
198,Mobile App Developer Resume Example,https://resumekraft.com/mobile-app-developer-resume-example/,IT Resume Samples
198,Corporate Communication Resume Example,https://resumekraft.com/corporate-communication-resume-example/,Sales and Marketing Resume Samples
198,IT Director Resume Example,https://resumekraft.com/it-director-resume-example/,IT Resume Samples
198,Senior Data Analyst Resume Example,https://resumekraft.com/senior-data-analyst-resume-example/,IT Resume Samples
198,Copywriter Resume Example,https://resumekraft.com/copywriter-resume-example/,Sales and Marketing Resume Samples
198,Junior QA Tester Resume Example,https://resumekraft.com/junior-qa-tester-resume-example/,IT Resume Samples
198,Senior Project Manager Resume Sample,https://resumekraft.com/senior-project-manager-resume-sample/,IT Resume Samples
198,Solution Architect Resume Example,https://resumekraft.com/solution-architect-resume-example/,
198,Software Engineer Resume Example,https://resumekraft.com/software-engineer-resume-example/,IT Resume Samples
198,Civil Engineer Resume Example,https://resumekraft.com/civil-engineer-resume-example/,Engineering Resume Examples
198,Support Associate Resume Example,https://resumekraft.com/support-associate-resume-example/,Administration Resume Samples
199,Event Manager Resume Example,https://resumekraft.com/event-manager-resume-example/,Sales and Marketing Resume Samples
199,Compliance Officer Resume Examples,https://resumekraft.com/compliance-officer-resume-examples/,Administration Resume Samples
199,PL SQL Developer Resume Sample,https://resumekraft.com/pl-sql-developer-resume-sample/,IT Resume Samples
199,Professional SAP Resume Sample,https://resumekraft.com/professional-sap-resume-sample/,IT Resume Samples
199,Data Scientist Resume Sample,https://resumekraft.com/data-scientist-resume-sample/,IT Resume Samples
199,Sales Executive Resume Example,https://resumekraft.com/sales-executive-resume-example/,Business Resume Examples | Sales and Marketing Resume Samples
199,Business Development Manager Example,https://resumekraft.com/business-development-manager-example/,Business Resume Examples | Sales and Marketing Resume Samples
199,Project Manager Resume Example,https://resumekraft.com/project-manager-resume-example/,IT Resume Samples
199,Procurement Specialist Resume Example,https://resumekraft.com/procurement-specialist-resume-example/,Administration Resume Samples
199,Digital Marketing Resume Example,https://resumekraft.com/digital-marketing-resume-example/,Sales and Marketing Resume Samples
199,Portfolio Analyst Resume Example,https://resumekraft.com/portfolio-analyst-resume-example/,Accounting Finance Resume Samples
199,Accounts Executive Resume Example,https://resumekraft.com/accounts-executive-resume-example/,Accounting Finance Resume Samples
200,Auditor Resume Example,https://resumekraft.com/auditor-resume-example/,Accounting Finance Resume Samples
200,Accounts Receivable Resume Example,https://resumekraft.com/accounts-receivable-resume-example/,Accounting Finance Resume Samples
200,Payroll Specialist Resume Example,https://resumekraft.com/payroll-specialist-resume-example/,Accounting Finance Resume Samples
200,Finance & Investment Professional Resume Example,https://resumekraft.com/finance-investment-professional-resume-example/,Accounting Finance Resume Samples
200,Financial Analyst Resume Example,https://resumekraft.com/financial-analyst-resume-example/,Accounting Finance Resume Samples
200,Accountant Resume Example,https://resumekraft.com/accountant-resume-example/,Accounting Finance Resume Samples
